Brand,Model,Year,Power,count
Ambassador,Classic,2003,35.5,1
Audi,A3,2014,143.0,2
Audi,A3,2015,143.0,1
Audi,A3,2016,143.0,2
Audi,A3,2017,143.0,1
Audi,A4,2008,140.8,1
Audi,A4,2009,147.51,3
Audi,A4,2009,140.0,1
Audi,A4,2010,241.4,1
Audi,A4,2010,163.2,1
Audi,A4,2010,140.0,1
Audi,A4,2011,147.51,5
Audi,A4,2011,140.0,3
Audi,A4,2011,241.4,1
Audi,A4,2011,163.2,1
Audi,A4,2011,132.0,1
Audi,A4,2012,140.8,6
Audi,A4,2012,140.0,3
Audi,A4,2012,147.51,2
Audi,A4,2012,241.4,1
Audi,A4,2012,167.62,1
Audi,A4,2012,151.44923076923078,1
Audi,A4,2013,147.51,8
Audi,A4,2013,174.33,5
Audi,A4,2013,187.74,1
Audi,A4,2013,140.8,1
Audi,A4,2013,140.0,1
Audi,A4,2014,174.33,11
Audi,A4,2014,147.51,5
Audi,A4,2014,241.4,1
Audi,A4,2014,187.74,1
Audi,A4,2014,140.0,1
Audi,A4,2015,174.33,9
Audi,A4,2015,187.74,3
Audi,A4,2015,241.4,1
Audi,A4,2015,140.0,1
Audi,A4,2016,174.33,4
Audi,A4,2016,187.74,1
Audi,A4,2017,147.51,1
Audi,A4,2017,187.74,1
Audi,A4,2019,174.33,1
Audi,A6,2008,241.38,2
Audi,A6,2008,201.0,1
Audi,A6,2009,179.5,2
Audi,A6,2009,241.38,2
Audi,A6,2010,179.5,2
Audi,A6,2011,241.38,1
Audi,A6,2011,187.74,1
Audi,A6,2011,179.5,1
Audi,A6,2012,174.33,3
Audi,A6,2012,187.74,2
Audi,A6,2012,241.38,1
Audi,A6,2013,174.33,10
Audi,A6,2013,179.5,1
Audi,A6,2014,174.33,13
Audi,A6,2014,187.74,4
Audi,A6,2015,174.33,9
Audi,A6,2015,187.74,1
Audi,A6,2015,177.01,1
Audi,A6,2016,174.33,2
Audi,A6,2016,187.74,1
Audi,A6,2016,177.01,1
Audi,A6,2017,174.33,2
Audi,A6,2017,187.74,1
Audi,A6,2018,187.74,1
Audi,A6,2018,174.33,1
Audi,A7,2011,241.4,1
Audi,A7,2012,241.4,1
Audi,A7,2014,241.4,1
Audi,A8,2009,246.7,1
Audi,A8,2012,246.7,1
Audi,A8,2013,246.7,1
Audi,Q3,2013,174.33,5
Audi,Q3,2013,184.0,2
Audi,Q3,2013,150.0,1
Audi,Q3,2014,174.33,5
Audi,Q3,2015,174.33,9
Audi,Q3,2015,181.0,2
Audi,Q3,2015,138.13,2
Audi,Q3,2016,181.0,2
Audi,Q3,2016,184.0,1
Audi,Q3,2016,174.33,1
Audi,Q3,2017,174.33,2
Audi,Q3,2017,147.51,1
Audi,Q3,2018,147.51,2
Audi,Q5,2009,208.0,3
Audi,Q5,2010,236.0,1
Audi,Q5,2011,208.0,1
Audi,Q5,2011,167.6,1
Audi,Q5,2012,167.6,2
Audi,Q5,2012,174.3,1
Audi,Q5,2013,174.3,4
Audi,Q5,2013,167.6,3
Audi,Q5,2014,174.3,5
Audi,Q5,2014,236.0,1
Audi,Q5,2014,167.6,1
Audi,Q5,2015,174.3,5
Audi,Q5,2015,241.4,2
Audi,Q5,2016,174.3,3
Audi,Q5,2017,241.4,2
Audi,Q5,2017,174.3,1
Audi,Q5,2018,241.4,2
Audi,Q7,2008,241.4,2
Audi,Q7,2008,250.0,1
Audi,Q7,2009,241.4,1
Audi,Q7,2010,335.2,1
Audi,Q7,2011,241.4,1
Audi,Q7,2012,241.4,3
Audi,Q7,2014,241.4,7
Audi,Q7,2014,335.2,2
Audi,Q7,2015,241.4,8
Audi,Q7,2015,335.2,2
Audi,Q7,2016,241.4,5
Audi,Q7,2016,335.2,1
Audi,Q7,2016,245.0,1
Audi,Q7,2017,245.0,2
Audi,Q7,2018,241.4,1
Audi,Q7,2019,245.0,1
Audi,RS5,2013,444.0,2
Audi,TT,2012,226.6,1
Audi,TT,2013,207.8,1
Audi,TT,2014,207.8,1
BMW,1,2013,143.0,1
BMW,1,2015,143.0,2
BMW,3,2007,181.0,1
BMW,3,2008,181.0,4
BMW,3,2008,170.0,1
BMW,3,2009,181.0,3
BMW,3,2009,170.0,2
BMW,3,2009,215.0,1
BMW,3,2009,154.0,1
BMW,3,2009,190.0,1
BMW,3,2010,154.0,3
BMW,3,2010,190.0,3
BMW,3,2010,181.0,2
BMW,3,2010,170.0,2
BMW,3,2010,215.0,1
BMW,3,2011,190.0,4
BMW,3,2011,181.0,4
BMW,3,2011,170.0,2
BMW,3,2011,215.0,2
BMW,3,2011,154.0,1
BMW,3,2011,254.0,1
BMW,3,2012,190.0,5
BMW,3,2012,184.0,2
BMW,3,2012,181.0,1
BMW,3,2012,170.0,1
BMW,3,2012,154.0,1
BMW,3,2013,184.0,6
BMW,3,2013,190.0,3
BMW,3,2013,245.0,2
BMW,3,2013,170.0,2
BMW,3,2013,181.0,1
BMW,3,2014,184.0,5
BMW,3,2014,190.0,4
BMW,3,2014,245.0,1
BMW,3,2014,181.0,1
BMW,3,2014,170.0,1
BMW,3,2015,184.0,9
BMW,3,2015,190.0,4
BMW,3,2015,187.74,1
BMW,3,2016,190.0,8
BMW,3,2016,184.0,1
BMW,3,2017,190.0,5
BMW,3,2017,187.74,1
BMW,3,2017,184.0,1
BMW,3,2018,190.0,2
BMW,3,2018,184.0,1
BMW,3,2019,190.0,1
BMW,5,2006,306.0,1
BMW,5,2007,218.0,1
BMW,5,2008,235.0,1
BMW,5,2008,222.66666666666666,1
BMW,5,2008,218.0,1
BMW,5,2008,215.0,1
BMW,5,2009,177.0,2
BMW,5,2009,189.66666666666666,2
BMW,5,2009,215.0,1
BMW,5,2010,150.0,2
BMW,5,2010,177.0,1
BMW,5,2010,190.0,1
BMW,5,2010,235.0,1
BMW,5,2010,258.0,1
BMW,5,2010,265.0,1
BMW,5,2011,218.0,3
BMW,5,2011,177.0,2
BMW,5,2011,258.0,1
BMW,5,2011,252.0,1
BMW,5,2011,190.0,1
BMW,5,2011,150.0,1
BMW,5,2012,190.0,4
BMW,5,2012,218.0,3
BMW,5,2012,202.88888888888889,3
BMW,5,2012,235.0,1
BMW,5,2012,177.0,1
BMW,5,2013,190.0,5
BMW,5,2013,218.0,4
BMW,5,2013,177.0,2
BMW,5,2013,235.0,1
BMW,5,2014,190.0,5
BMW,5,2014,258.0,1
BMW,5,2014,201.33333333333334,1
BMW,5,2015,190.0,4
BMW,5,2015,258.0,4
BMW,5,2015,177.0,1
BMW,5,2016,190.0,7
BMW,5,2016,258.0,4
BMW,5,2016,265.0,1
BMW,5,2017,258.0,1
BMW,5,2017,190.0,1
BMW,5,2017,187.74,1
BMW,5,2018,190.0,2
BMW,5,2018,258.0,1
BMW,5,2019,187.74,1
BMW,6,2009,450.0,1
BMW,6,2010,450.0,1
BMW,6,2011,450.0,1
BMW,6,2011,313.0,1
BMW,6,2013,313.0,3
BMW,6,2014,313.0,1
BMW,6,2018,313.0,1
BMW,7,2007,258.0,1
BMW,7,2008,321.0,1
BMW,7,2009,258.0,2
BMW,7,2010,402.0,1
BMW,7,2010,258.0,1
BMW,7,2011,258.0,1
BMW,7,2012,261.49,1
BMW,7,2013,258.0,3
BMW,7,2013,321.0,1
BMW,7,2014,258.0,1
BMW,7,2015,261.49,1
BMW,7,2017,320.0,1
BMW,7,2017,261.49,1
BMW,7,2018,320.0,1
BMW,X1,2011,184.0,2
BMW,X1,2011,177.0,1
BMW,X1,2012,184.0,6
BMW,X1,2012,177.0,3
BMW,X1,2012,150.0,1
BMW,X1,2013,184.0,4
BMW,X1,2014,184.0,4
BMW,X1,2014,177.0,1
BMW,X1,2015,190.0,1
BMW,X1,2015,184.0,1
BMW,X1,2016,190.0,3
BMW,X1,2016,184.0,2
BMW,X1,2017,190.0,5
BMW,X1,2018,190.0,1
BMW,X1,2019,190.0,1
BMW,X3,2009,218.0,1
BMW,X3,2009,190.0,1
BMW,X3,2012,184.0,3
BMW,X3,2013,190.0,1
BMW,X3,2014,184.0,2
BMW,X3,2015,190.0,1
BMW,X3,2015,184.0,1
BMW,X3,2016,184.0,1
BMW,X3,2016,258.0,1
BMW,X3,2017,190.0,3
BMW,X3,2017,258.0,1
BMW,X3,2018,190.0,1
BMW,X5,2009,235.0,4
BMW,X5,2009,245.0,1
BMW,X5,2010,235.0,1
BMW,X5,2011,245.0,4
BMW,X5,2012,258.0,1
BMW,X5,2014,258.0,2
BMW,X5,2015,258.0,5
BMW,X5,2016,258.0,4
BMW,X5,2017,258.0,2
BMW,X6,2011,241.0,2
BMW,X6,2013,306.0,1
BMW,X6,2013,241.0,1
BMW,X6,2014,241.0,2
BMW,X6,2015,308.43,1
BMW,X6,2016,308.43,1
BMW,Z4,2011,306.0,1
BMW,Z4,2018,306.0,1
Chevrolet,Aveo,2006,92.7,2
Chevrolet,Aveo,2007,74.9,5
Chevrolet,Aveo,2007,102.0,1
Chevrolet,Aveo,2007,92.7,1
Chevrolet,Aveo,2008,92.7,1
Chevrolet,Aveo,2008,74.9,1
Chevrolet,Aveo,2009,92.7,1
Chevrolet,Aveo,2009,76.0,1
Chevrolet,Aveo,2010,102.0,1
Chevrolet,Aveo,2010,92.7,1
Chevrolet,Aveo,2010,76.0,1
Chevrolet,Aveo,2011,92.7,1
Chevrolet,Beat,2010,79.4,9
Chevrolet,Beat,2010,76.8,3
Chevrolet,Beat,2011,79.4,4
Chevrolet,Beat,2011,57.6,3
Chevrolet,Beat,2012,57.6,8
Chevrolet,Beat,2012,79.4,7
Chevrolet,Beat,2012,56.3,2
Chevrolet,Beat,2013,57.6,5
Chevrolet,Beat,2013,56.3,2
Chevrolet,Beat,2013,79.4,1
Chevrolet,Beat,2014,76.8,3
Chevrolet,Beat,2014,57.6,2
Chevrolet,Beat,2015,56.3,1
Chevrolet,Beat,2015,76.8,1
Chevrolet,Beat,2016,56.3,2
Chevrolet,Beat,2016,76.8,1
Chevrolet,Captiva,2009,147.9,2
Chevrolet,Captiva,2011,147.9,1
Chevrolet,Cruze,2009,147.9,1
Chevrolet,Cruze,2010,147.9,1
Chevrolet,Cruze,2011,147.9,4
Chevrolet,Cruze,2011,163.7,1
Chevrolet,Cruze,2012,147.9,2
Chevrolet,Cruze,2013,163.7,3
Chevrolet,Cruze,2013,147.9,1
Chevrolet,Cruze,2014,163.7,4
Chevrolet,Cruze,2015,163.7,2
Chevrolet,Cruze,2016,163.7,1
Chevrolet,Cruze,2017,163.7,2
Chevrolet,Cruze,2018,147.9,1
Chevrolet,Enjoy,2013,73.8,2
Chevrolet,Enjoy,2013,98.82,1
Chevrolet,Enjoy,2013,73.74,1
Chevrolet,Enjoy,2014,73.8,1
Chevrolet,Enjoy,2014,98.82,1
Chevrolet,Enjoy,2014,98.79,1
Chevrolet,Enjoy,2014,73.74,1
Chevrolet,Enjoy,2015,73.74,2
Chevrolet,Enjoy,2015,98.82,1
Chevrolet,Enjoy,2015,73.8,1
Chevrolet,Enjoy,2016,98.79,1
Chevrolet,Optra,2004,104.0,1
Chevrolet,Optra,2005,113.35000000000001,1
Chevrolet,Optra,2007,102.5,2
Chevrolet,Optra,2008,123.7,2
Chevrolet,Optra,2010,123.7,1
Chevrolet,Optra,2011,123.7,3
Chevrolet,Optra,2012,102.5,2
Chevrolet,Optra,2013,104.0,1
Chevrolet,Sail,2013,76.9,2
Chevrolet,Sail,2013,82.4,1
Chevrolet,Sail,2014,82.5,3
Chevrolet,Sail,2014,82.4,1
Chevrolet,Sail,2014,74.0,1
Chevrolet,Sail,2015,82.5,1
Chevrolet,Sail,2015,82.4,1
Chevrolet,Spark,2007,62.0,3
Chevrolet,Spark,2008,62.0,3
Chevrolet,Spark,2009,62.0,1
Chevrolet,Spark,2010,63.0,1
Chevrolet,Spark,2010,62.0,1
Chevrolet,Spark,2011,62.0,2
Chevrolet,Spark,2012,62.0,2
Chevrolet,Spark,2012,62.1,1
Chevrolet,Spark,2014,62.1,1
Chevrolet,Tavera,2005,80.0,1
Chevrolet,Tavera,2012,78.0,1
Chevrolet,Tavera,2015,80.0,1
Datsun,GO,2015,67.0,2
Datsun,GO,2016,67.0,4
Datsun,GO,2016,67.06,2
Datsun,GO,2017,67.0,1
Datsun,Redi,2017,53.0,1
Datsun,redi-GO,2016,53.64,2
Datsun,redi-GO,2016,53.0,1
Datsun,redi-GO,2017,53.64,1
Datsun,redi-GO,2018,53.64,3
Fiat,Abarth,2017,160.0,1
Fiat,Avventura,2014,91.72,1
Fiat,Avventura,2015,91.72,2
Fiat,Avventura,2016,88.8,1
Fiat,Avventura,2018,91.72,1
Fiat,Avventura,2019,91.72,1
Fiat,Grande,2010,76.0,1
Fiat,Grande,2011,68.0,1
Fiat,Grande,2011,67.0,1
Fiat,Grande,2011,75.0,1
Fiat,Grande,2011,88.7,1
Fiat,Grande,2014,75.0,1
Fiat,Grande,2015,88.7,1
Fiat,Linea,2009,91.7,1
Fiat,Linea,2009,91.2,1
Fiat,Linea,2010,93.0,2
Fiat,Linea,2010,91.7,1
Fiat,Linea,2010,90.0,1
Fiat,Linea,2010,88.7,1
Fiat,Linea,2011,90.0,2
Fiat,Linea,2013,112.0,1
Fiat,Linea,2013,75.0,1
Fiat,Linea,2014,75.0,1
Fiat,Linea,2015,91.7,1
Fiat,Linea,2016,112.4,1
Fiat,Linea,2016,92.0,1
Fiat,Punto,2010,67.0,4
Fiat,Punto,2011,71.94,1
Fiat,Punto,2016,91.7,1
Fiat,Punto,2017,71.94,1
Force,One,2014,139.01,2
Force,One,2014,139.07,1
Ford,Aspire,2015,99.0,1
Ford,Aspire,2017,99.0,2
Ford,Aspire,2018,99.0,1
Ford,Classic,2013,67.0,1
Ford,Classic,2014,67.0,1
Ford,EcoSport,2013,98.59,2
Ford,EcoSport,2013,110.4,1
Ford,EcoSport,2014,123.24,3
Ford,EcoSport,2014,98.59,2
Ford,EcoSport,2014,110.4,1
Ford,EcoSport,2015,98.59,4
Ford,EcoSport,2015,123.24,1
Ford,EcoSport,2015,110.4,1
Ford,EcoSport,2015,98.96,1
Ford,EcoSport,2016,110.4,4
Ford,EcoSport,2016,98.59,3
Ford,EcoSport,2016,121.36,1
Ford,EcoSport,2016,98.96,1
Ford,EcoSport,2017,98.96,6
Ford,EcoSport,2017,121.36,3
Ford,EcoSport,2017,110.4,3
Ford,EcoSport,2017,98.59,3
Ford,EcoSport,2017,123.24,1
Ford,EcoSport,2018,121.36,3
Ford,EcoSport,2018,110.4,3
Ford,EcoSport,2018,98.96,1
Ford,EcoSport,2018,98.59,1
Ford,EcoSport,2019,98.59,1
Ford,Ecosport,2013,89.84,9
Ford,Ecosport,2013,110.0,6
Ford,Ecosport,2014,89.84,25
Ford,Ecosport,2014,110.0,2
Ford,Ecosport,2014,123.37,2
Ford,Ecosport,2015,89.84,9
Ford,Ecosport,2015,110.0,1
Ford,Ecosport,2016,89.84,2
Ford,Ecosport,2016,123.37,1
Ford,Ecosport,2017,89.84,4
Ford,Ecosport,2017,123.24,3
Ford,Ecosport,2017,110.0,1
Ford,Ecosport,2018,98.96,1
Ford,Ecosport,2019,98.96,1
Ford,Endeavour,2007,141.0,2
Ford,Endeavour,2007,143.0,1
Ford,Endeavour,2007,141.66666666666666,1
Ford,Endeavour,2008,156.0,1
Ford,Endeavour,2008,141.0,1
Ford,Endeavour,2009,143.0,1
Ford,Endeavour,2010,153.86,2
Ford,Endeavour,2010,141.0,1
Ford,Endeavour,2011,141.0,3
Ford,Endeavour,2011,153.86,2
Ford,Endeavour,2012,153.86,5
Ford,Endeavour,2016,197.0,2
Ford,Endeavour,2016,197.2,2
Ford,Endeavour,2016,158.0,1
Ford,Endeavour,2016,157.7,1
Ford,Endeavour,2017,197.0,5
Ford,Endeavour,2017,197.2,1
Ford,Endeavour,2017,157.7,1
Ford,Endeavour,2018,197.0,2
Ford,Endeavour,2018,197.2,2
Ford,Endeavour,2018,158.0,1
Ford,Endeavour,2019,158.0,4
Ford,Endeavour,2019,197.0,1
Ford,Fiesta,2006,68.0,5
Ford,Fiesta,2006,101.0,1
Ford,Fiesta,2007,68.0,5
Ford,Fiesta,2007,101.0,1
Ford,Fiesta,2008,76.25,3
Ford,Fiesta,2008,68.0,3
Ford,Fiesta,2008,101.0,1
Ford,Fiesta,2009,68.0,7
Ford,Fiesta,2010,68.0,3
Ford,Fiesta,2010,101.0,1
Ford,Fiesta,2011,67.0,2
Ford,Fiesta,2011,68.0,2
Ford,Fiesta,2011,99.6,1
Ford,Fiesta,2011,90.0,1
Ford,Fiesta,2012,67.0,3
Ford,Fiesta,2012,88.7,1
Ford,Fiesta,2012,68.0,1
Ford,Fiesta,2013,99.6,1
Ford,Fiesta,2013,90.0,1
Ford,Fiesta,2013,88.7,1
Ford,Fiesta,2013,67.0,1
Ford,Fiesta,2014,89.75,1
Ford,Fiesta,2014,68.0,1
Ford,Fiesta,2014,67.0,1
Ford,Fiesta,2015,67.0,1
Ford,Figo,2010,68.0,12
Ford,Figo,2010,70.0,8
Ford,Figo,2011,68.0,10
Ford,Figo,2011,70.0,5
Ford,Figo,2011,68.05,1
Ford,Figo,2012,68.0,10
Ford,Figo,2012,68.05,5
Ford,Figo,2012,70.02,1
Ford,Figo,2012,70.0,1
Ford,Figo,2013,68.05,4
Ford,Figo,2013,68.0,4
Ford,Figo,2013,70.0,2
Ford,Figo,2013,68.1,1
Ford,Figo,2014,68.05,6
Ford,Figo,2014,68.0,2
Ford,Figo,2014,70.02,2
Ford,Figo,2015,99.0,5
Ford,Figo,2015,68.05,3
Ford,Figo,2015,68.0,2
Ford,Figo,2015,110.5,1
Ford,Figo,2015,86.8,1
Ford,Figo,2015,70.0,1
Ford,Figo,2016,99.0,7
Ford,Figo,2016,86.8,4
Ford,Figo,2017,86.8,7
Ford,Figo,2017,99.0,2
Ford,Figo,2017,110.4,1
Ford,Figo,2018,86.8,3
Ford,Figo,2019,86.8,1
Ford,Freestyle,2007,94.68,1
Ford,Freestyle,2018,94.68,2
Ford,Freestyle,2018,98.63,1
Ford,Fusion,2008,68.0,1
Ford,Ikon,2002,70.0,1
Ford,Ikon,2003,92.0,1
Ford,Ikon,2004,92.0,1
Ford,Ikon,2004,70.0,1
Ford,Ikon,2005,70.0,1
Ford,Ikon,2005,68.0,1
Ford,Ikon,2006,70.0,3
Ford,Ikon,2007,70.0,3
Ford,Ikon,2008,70.0,1
Ford,Ikon,2009,68.0,2
Ford,Ikon,2009,70.0,1
Ford,Ikon,2010,68.0,2
Ford,Mustang,2018,395.0,1
Honda,Accord,2005,142.0,1
Honda,Accord,2006,218.0,1
Honda,Accord,2007,144.0,2
Honda,Accord,2007,142.0,2
Honda,Accord,2008,177.6,3
Honda,Accord,2008,180.0,1
Honda,Accord,2009,177.6,3
Honda,Accord,2009,180.0,2
Honda,Accord,2009,142.0,2
Honda,Accord,2010,180.0,3
Honda,Accord,2010,142.0,2
Honda,Accord,2010,177.6,1
Honda,Accord,2011,177.6,7
Honda,Accord,2011,180.0,1
Honda,Accord,2012,177.6,3
Honda,Accord,2012,180.0,1
Honda,Amaze,2013,98.6,20
Honda,Amaze,2013,86.7,9
Honda,Amaze,2013,88.76,1
Honda,Amaze,2014,98.6,19
Honda,Amaze,2014,86.7,17
Honda,Amaze,2014,88.76,1
Honda,Amaze,2014,86.76,1
Honda,Amaze,2015,86.7,14
Honda,Amaze,2015,98.6,14
Honda,Amaze,2016,98.6,9
Honda,Amaze,2016,86.7,9
Honda,Amaze,2016,88.76,1
Honda,Amaze,2016,86.76,1
Honda,Amaze,2017,86.7,4
Honda,Amaze,2017,88.7,1
Honda,Amaze,2017,98.6,1
Honda,Amaze,2018,86.76,1
Honda,Amaze,2018,88.76,1
Honda,Amaze,2018,98.6,1
Honda,Amaze,2019,88.76,1
Honda,Amaze,2019,86.7,1
Honda,BR-V,2016,117.3,1
Honda,BR-V,2017,98.6,2
Honda,BR-V,2017,117.3,2
Honda,BRV,2016,117.3,1
Honda,BRV,2016,98.6,1
Honda,BRV,2017,117.3,5
Honda,BRV,2017,98.6,1
Honda,Brio,2011,86.8,2
Honda,Brio,2012,86.8,19
Honda,Brio,2013,86.8,26
Honda,Brio,2014,86.8,17
Honda,Brio,2015,86.8,8
Honda,Brio,2016,86.8,7
Honda,Brio,2017,86.8,1
Honda,CR-V,2004,187.4,1
Honda,CR-V,2004,152.0,1
Honda,CR-V,2005,152.0,1
Honda,CR-V,2006,152.0,2
Honda,CR-V,2007,152.0,3
Honda,CR-V,2007,158.8,1
Honda,CR-V,2007,141.1,1
Honda,CR-V,2008,141.1,2
Honda,CR-V,2008,152.0,2
Honda,CR-V,2008,158.8,1
Honda,CR-V,2010,152.0,3
Honda,CR-V,2011,153.86,1
Honda,CR-V,2011,152.0,1
Honda,CR-V,2013,187.4,2
Honda,CR-V,2014,153.86,2
Honda,CR-V,2014,152.0,1
Honda,CR-V,2014,141.1,1
Honda,CR-V,2015,158.8,1
Honda,CR-V,2015,153.86,1
Honda,CR-V,2015,152.0,1
Honda,CR-V,2016,148.0,1
Honda,CR-V,2017,141.1,1
Honda,City,1999,90.0,1
Honda,City,2001,100.0,1
Honda,City,2002,100.0,1
Honda,City,2002,90.0,1
Honda,City,2004,100.0,2
Honda,City,2004,90.0,1
Honda,City,2005,100.0,4
Honda,City,2005,78.0,2
Honda,City,2006,100.0,4
Honda,City,2006,78.0,2
Honda,City,2007,78.0,5
Honda,City,2007,100.0,3
Honda,City,2008,78.0,8
Honda,City,2008,118.0,2
Honda,City,2009,118.0,19
Honda,City,2009,117.3,1
Honda,City,2009,116.4,1
Honda,City,2009,115.37826086956521,1
Honda,City,2009,100.0,1
Honda,City,2009,78.0,1
Honda,City,2010,118.0,19
Honda,City,2010,117.3,2
Honda,City,2010,116.3,1
Honda,City,2011,118.0,28
Honda,City,2011,116.3,4
Honda,City,2011,117.3,3
Honda,City,2011,90.0,1
Honda,City,2012,118.0,16
Honda,City,2012,116.3,9
Honda,City,2012,117.3,1
Honda,City,2012,116.4,1
Honda,City,2013,118.0,6
Honda,City,2013,116.3,5
Honda,City,2013,117.3,1
Honda,City,2013,100.0,1
Honda,City,2014,98.6,23
Honda,City,2014,117.3,15
Honda,City,2014,118.0,7
Honda,City,2014,116.3,5
Honda,City,2015,117.3,24
Honda,City,2015,98.6,11
Honda,City,2015,116.3,2
Honda,City,2015,118.0,2
Honda,City,2016,117.3,18
Honda,City,2016,98.6,9
Honda,City,2016,118.0,4
Honda,City,2016,116.3,1
Honda,City,2017,117.3,14
Honda,City,2017,98.6,10
Honda,City,2018,117.3,9
Honda,City,2018,116.3,1
Honda,City,2018,98.6,1
Honda,City,2019,117.3,2
Honda,City,2019,116.3,1
Honda,Civic,2006,130.0,2
Honda,Civic,2007,130.0,6
Honda,Civic,2008,130.0,10
Honda,Civic,2009,130.0,5
Honda,Civic,2009,130.2,1
Honda,Civic,2010,130.2,3
Honda,Civic,2010,130.0,2
Honda,Civic,2011,130.0,3
Honda,Civic,2011,130.3,2
Honda,Civic,2011,130.2,1
Honda,Civic,2011,132.0,1
Honda,Civic,2012,130.2,2
Honda,Civic,2012,130.0,1
Honda,Jazz,2010,90.0,4
Honda,Jazz,2010,88.8,1
Honda,Jazz,2011,88.7,1
Honda,Jazz,2011,90.0,1
Honda,Jazz,2011,88.8,1
Honda,Jazz,2015,88.7,12
Honda,Jazz,2015,98.6,5
Honda,Jazz,2016,88.7,13
Honda,Jazz,2016,98.6,11
Honda,Jazz,2017,88.7,8
Honda,Jazz,2017,98.6,3
Honda,Jazz,2018,88.7,7
Honda,Jazz,2019,88.7,3
Honda,Mobilio,2014,98.6,6
Honda,Mobilio,2014,117.3,2
Honda,Mobilio,2015,98.6,9
Honda,Mobilio,2015,117.3,4
Honda,Mobilio,2016,98.6,1
Honda,Mobilio,2017,98.6,1
Honda,Mobilio,2018,117.3,1
Honda,WR-V,2019,88.7,1
Honda,WRV,2017,88.7,2
Honda,WRV,2018,88.7,2
Honda,WRV,2019,98.6,1
Hyundai,Accent,2001,94.0,1
Hyundai,Accent,2004,94.0,2
Hyundai,Accent,2005,94.0,4
Hyundai,Accent,2005,82.0,2
Hyundai,Accent,2006,82.0,1
Hyundai,Accent,2007,94.0,1
Hyundai,Accent,2008,94.0,4
Hyundai,Accent,2009,94.0,3
Hyundai,Accent,2010,93.7,3
Hyundai,Accent,2010,94.0,2
Hyundai,Accent,2012,94.0,1
Hyundai,Creta,2015,126.2,16
Hyundai,Creta,2015,121.3,4
Hyundai,Creta,2015,88.7,3
Hyundai,Creta,2016,126.2,26
Hyundai,Creta,2016,121.3,15
Hyundai,Creta,2016,88.7,2
Hyundai,Creta,2017,126.2,19
Hyundai,Creta,2017,121.3,13
Hyundai,Creta,2017,88.7,1
Hyundai,Creta,2018,121.3,11
Hyundai,Creta,2018,126.2,3
Hyundai,Creta,2018,88.7,2
Hyundai,Creta,2019,126.2,2
Hyundai,Creta,2019,121.3,1
Hyundai,EON,2011,55.2,2
Hyundai,EON,2012,55.2,5
Hyundai,EON,2012,55.0,1
Hyundai,EON,2013,55.2,15
Hyundai,EON,2014,55.2,7
Hyundai,EON,2014,68.05,1
Hyundai,EON,2014,55.0,1
Hyundai,EON,2015,55.2,18
Hyundai,EON,2015,68.05,1
Hyundai,EON,2015,55.0,1
Hyundai,EON,2016,55.2,10
Hyundai,EON,2016,68.05,2
Hyundai,EON,2016,55.0,1
Hyundai,EON,2017,55.2,9
Hyundai,EON,2017,68.05,1
Hyundai,EON,2018,55.2,3
Hyundai,EON,2019,55.2,1
Hyundai,Elantra,2006,112.2,1
Hyundai,Elantra,2006,127.0,1
Hyundai,Elantra,2008,112.2,1
Hyundai,Elantra,2012,126.24,3
Hyundai,Elantra,2013,126.24,5
Hyundai,Elantra,2013,126.2,3
Hyundai,Elantra,2013,147.5,1
Hyundai,Elantra,2014,126.24,2
Hyundai,Elantra,2014,149.92,1
Hyundai,Elantra,2014,147.5,1
Hyundai,Elantra,2014,126.2,1
Hyundai,Elantra,2015,149.92,1
Hyundai,Elantra,2015,126.24,1
Hyundai,Elantra,2015,126.2,1
Hyundai,Elantra,2016,149.92,1
Hyundai,Elantra,2016,147.4,1
Hyundai,Elantra,2016,126.24,1
Hyundai,Elantra,2016,126.2,1
Hyundai,Elantra,2017,149.92,1
Hyundai,Elantra,2017,147.4,1
Hyundai,Elantra,2018,149.92,1
Hyundai,Elantra,2018,126.2,1
Hyundai,Elantra,2019,126.2,1
Hyundai,Elite,2015,81.86,2
Hyundai,Elite,2016,81.86,6
Hyundai,Elite,2017,81.86,3
Hyundai,Elite,2018,81.86,5
Hyundai,Elite,2018,88.76,1
Hyundai,Elite,2019,81.86,1
Hyundai,Getz,2005,83.0,3
Hyundai,Getz,2005,61.0,2
Hyundai,Getz,2006,83.0,2
Hyundai,Getz,2007,83.0,2
Hyundai,Getz,2007,82.9,1
Hyundai,Getz,2009,110.0,1
Hyundai,Getz,2009,83.0,1
Hyundai,Grand,2010,81.86,1
Hyundai,Grand,2013,82.0,4
Hyundai,Grand,2013,70.0,3
Hyundai,Grand,2013,81.86,1
Hyundai,Grand,2014,70.0,14
Hyundai,Grand,2014,82.0,14
Hyundai,Grand,2014,81.86,2
Hyundai,Grand,2014,73.97,1
Hyundai,Grand,2015,82.0,26
Hyundai,Grand,2015,70.0,6
Hyundai,Grand,2015,81.86,3
Hyundai,Grand,2015,73.97,2
Hyundai,Grand,2016,82.0,26
Hyundai,Grand,2016,70.0,7
Hyundai,Grand,2016,81.86,4
Hyundai,Grand,2017,82.0,19
Hyundai,Grand,2017,81.86,12
Hyundai,Grand,2017,70.0,4
Hyundai,Grand,2017,73.97,4
Hyundai,Grand,2018,81.86,13
Hyundai,Grand,2018,73.97,3
Hyundai,Grand,2018,82.0,3
Hyundai,Grand,2018,70.0,1
Hyundai,Grand,2019,81.86,5
Hyundai,Grand,2019,73.97,1
Hyundai,Santa,2011,194.3,2
Hyundai,Santa,2012,194.3,3
Hyundai,Santa,2013,194.3,3
Hyundai,Santa,2014,194.3,4
Hyundai,Santa,2015,194.3,2
Hyundai,Santa,2016,194.3,3
Hyundai,Santro,2001,68.0,1
Hyundai,Santro,2002,62.153023809523816,4
Hyundai,Santro,2003,62.153023809523816,1
Hyundai,Santro,2004,62.153023809523816,3
Hyundai,Santro,2005,62.153023809523816,9
Hyundai,Santro,2006,62.153023809523816,8
Hyundai,Santro,2007,62.05,18
Hyundai,Santro,2007,62.1,1
Hyundai,Santro,2007,62.0,1
Hyundai,Santro,2008,62.1,6
Hyundai,Santro,2008,62.06666666666667,3
Hyundai,Santro,2008,62.0,3
Hyundai,Santro,2009,62.1,5
Hyundai,Santro,2009,62.083333333333336,2
Hyundai,Santro,2009,62.0,1
Hyundai,Santro,2010,62.1,4
Hyundai,Santro,2010,62.0,1
Hyundai,Santro,2011,62.075,3
Hyundai,Santro,2011,62.1,3
Hyundai,Santro,2011,62.0,1
Hyundai,Santro,2012,62.08,4
Hyundai,Santro,2012,62.1,4
Hyundai,Santro,2012,62.0,1
Hyundai,Santro,2013,62.1,2
Hyundai,Santro,2013,62.0,1
Hyundai,Santro,2014,62.1,3
Hyundai,Santro,2014,62.0,1
Hyundai,Santro,2015,62.1,1
Hyundai,Sonata,2003,134.0,1
Hyundai,Sonata,2006,165.0,1
Hyundai,Sonata,2008,142.0,1
Hyundai,Sonata,2009,142.0,2
Hyundai,Sonata,2012,198.25,1
Hyundai,Sonata,2013,198.25,1
Hyundai,Sonata,2013,134.0,1
Hyundai,Sonata,2014,198.25,1
Hyundai,Tucson,2006,112.0,1
Hyundai,Tucson,2007,112.0,1
Hyundai,Tucson,2016,152.88,1
Hyundai,Tucson,2017,182.46,1
Hyundai,Tucson,2018,183.0,1
Hyundai,Verna,2006,110.0,1
Hyundai,Verna,2007,110.0,2
Hyundai,Verna,2007,103.2,1
Hyundai,Verna,2008,110.0,4
Hyundai,Verna,2008,126.2,3
Hyundai,Verna,2008,103.2,1
Hyundai,Verna,2008,88.76,1
Hyundai,Verna,2009,110.0,3
Hyundai,Verna,2009,103.2,2
Hyundai,Verna,2010,110.0,4
Hyundai,Verna,2010,103.2,3
Hyundai,Verna,2011,121.3,6
Hyundai,Verna,2011,126.32,5
Hyundai,Verna,2011,110.0,3
Hyundai,Verna,2011,103.2,3
Hyundai,Verna,2011,126.3,2
Hyundai,Verna,2012,126.32,20
Hyundai,Verna,2012,121.3,6
Hyundai,Verna,2012,88.7,3
Hyundai,Verna,2012,121.4,2
Hyundai,Verna,2012,126.3,2
Hyundai,Verna,2012,126.2,1
Hyundai,Verna,2012,110.0,1
Hyundai,Verna,2013,121.3,12
Hyundai,Verna,2013,126.32,7
Hyundai,Verna,2013,126.3,5
Hyundai,Verna,2013,126.2,3
Hyundai,Verna,2013,121.4,3
Hyundai,Verna,2013,110.0,3
Hyundai,Verna,2013,88.7,1
Hyundai,Verna,2014,121.3,17
Hyundai,Verna,2014,126.32,14
Hyundai,Verna,2014,121.4,3
Hyundai,Verna,2014,126.3,1
Hyundai,Verna,2014,126.2,1
Hyundai,Verna,2014,110.0,1
Hyundai,Verna,2014,105.5,1
Hyundai,Verna,2014,88.7,1
Hyundai,Verna,2015,126.2,4
Hyundai,Verna,2015,121.3,3
Hyundai,Verna,2015,126.32,2
Hyundai,Verna,2015,105.5,1
Hyundai,Verna,2015,88.7,1
Hyundai,Verna,2016,121.3,5
Hyundai,Verna,2016,126.2,5
Hyundai,Verna,2016,126.32,2
Hyundai,Verna,2016,126.3,2
Hyundai,Verna,2016,105.5,1
Hyundai,Verna,2016,88.7,1
Hyundai,Verna,2017,126.2,5
Hyundai,Verna,2017,121.3,3
Hyundai,Verna,2017,121.4,1
Hyundai,Verna,2018,121.3,5
Hyundai,Verna,2018,126.32,1
Hyundai,Verna,2018,126.2,1
Hyundai,Verna,2019,121.3,3
Hyundai,Verna,2019,126.32,1
Hyundai,Verna,2019,126.2,1
Hyundai,Xcent,2014,81.86,5
Hyundai,Xcent,2014,71.0,5
Hyundai,Xcent,2014,82.0,3
Hyundai,Xcent,2015,82.0,5
Hyundai,Xcent,2015,71.0,4
Hyundai,Xcent,2015,81.86,4
Hyundai,Xcent,2015,73.97,1
Hyundai,Xcent,2015,71.01,1
Hyundai,Xcent,2016,71.0,11
Hyundai,Xcent,2016,82.0,8
Hyundai,Xcent,2016,81.86,4
Hyundai,Xcent,2016,73.97,2
Hyundai,Xcent,2017,71.0,4
Hyundai,Xcent,2017,81.86,3
Hyundai,Xcent,2017,73.97,3
Hyundai,Xcent,2017,82.0,2
Hyundai,Xcent,2018,81.86,2
Hyundai,Xcent,2018,73.97,1
Hyundai,i10,2007,78.9,2
Hyundai,i10,2007,68.05,1
Hyundai,i10,2008,68.05,7
Hyundai,i10,2008,78.9,5
Hyundai,i10,2008,66.7,2
Hyundai,i10,2008,80.0,1
Hyundai,i10,2009,78.9,11
Hyundai,i10,2009,80.0,3
Hyundai,i10,2009,68.05,3
Hyundai,i10,2010,78.9,18
Hyundai,i10,2010,68.05,7
Hyundai,i10,2010,80.0,1
Hyundai,i10,2010,66.7,1
Hyundai,i10,2011,78.9,23
Hyundai,i10,2011,68.05,6
Hyundai,i10,2011,80.0,5
Hyundai,i10,2012,78.9,23
Hyundai,i10,2012,68.05,5
Hyundai,i10,2013,78.9,16
Hyundai,i10,2013,68.05,9
Hyundai,i10,2013,80.0,1
Hyundai,i10,2014,78.9,9
Hyundai,i10,2014,68.05,2
Hyundai,i10,2015,78.9,9
Hyundai,i10,2015,68.05,3
Hyundai,i10,2016,78.9,3
Hyundai,i10,2016,68.05,2
Hyundai,i10,2017,68.05,2
Hyundai,i10,2017,78.9,1
Hyundai,i20,2009,80.0,9
Hyundai,i20,2009,100.0,2
Hyundai,i20,2009,90.0,2
Hyundai,i20,2010,80.0,22
Hyundai,i20,2010,90.0,4
Hyundai,i20,2010,100.0,1
Hyundai,i20,2011,80.0,16
Hyundai,i20,2011,90.0,11
Hyundai,i20,2011,82.85,1
Hyundai,i20,2012,90.0,12
Hyundai,i20,2012,80.0,9
Hyundai,i20,2012,88.76,5
Hyundai,i20,2012,98.6,4
Hyundai,i20,2012,82.85,4
Hyundai,i20,2012,88.8,3
Hyundai,i20,2012,87.45945945945945,1
Hyundai,i20,2013,80.0,7
Hyundai,i20,2013,88.76,5
Hyundai,i20,2013,82.85,4
Hyundai,i20,2013,82.9,3
Hyundai,i20,2013,90.0,3
Hyundai,i20,2013,88.8,2
Hyundai,i20,2013,98.6,1
Hyundai,i20,2014,80.0,6
Hyundai,i20,2014,82.85,4
Hyundai,i20,2014,90.0,4
Hyundai,i20,2014,81.83,3
Hyundai,i20,2014,82.9,3
Hyundai,i20,2014,88.73,3
Hyundai,i20,2014,88.76,3
Hyundai,i20,2014,98.6,2
Hyundai,i20,2014,88.8,1
Hyundai,i20,2015,81.83,24
Hyundai,i20,2015,88.73,13
Hyundai,i20,2015,80.0,6
Hyundai,i20,2015,88.76,5
Hyundai,i20,2015,90.0,2
Hyundai,i20,2015,82.9,1
Hyundai,i20,2015,82.85,1
Hyundai,i20,2015,81.86,1
Hyundai,i20,2016,81.83,23
Hyundai,i20,2016,88.73,9
Hyundai,i20,2016,81.86,2
Hyundai,i20,2016,80.0,2
Hyundai,i20,2016,90.0,1
Hyundai,i20,2016,88.76,1
Hyundai,i20,2017,81.83,20
Hyundai,i20,2017,88.73,6
Hyundai,i20,2017,81.86,2
Hyundai,i20,2017,88.76,1
Hyundai,i20,2018,81.83,12
Hyundai,i20,2018,88.73,5
Hyundai,i20,2018,81.86,1
Hyundai,i20,2019,81.83,2
Hyundai,i20,2019,88.73,2
Hyundai,i20,2019,81.86,1
Isuzu,D-MAX,2017,134.0,2
Isuzu,D-MAX,2018,134.0,1
Isuzu,MU,2016,161.0,1
Isuzu,MUX,2017,174.57,1
Jaguar,F,2015,488.1,1
Jaguar,XE,2017,177.0,1
Jaguar,XE,2017,246.74,1
Jaguar,XE,2018,177.0,2
Jaguar,XE,2018,246.74,1
Jaguar,XF,2011,270.9,3
Jaguar,XF,2012,270.9,5
Jaguar,XF,2012,187.7,1
Jaguar,XF,2013,187.7,2
Jaguar,XF,2013,270.9,1
Jaguar,XF,2014,187.7,4
Jaguar,XF,2014,270.9,3
Jaguar,XF,2015,187.7,7
Jaguar,XF,2015,270.9,1
Jaguar,XF,2016,187.7,5
Jaguar,XF,2016,270.9,1
Jaguar,XF,2017,246.74,1
Jaguar,XF,2017,177.0,1
Jaguar,XF,2018,187.7,1
Jaguar,XJ,2011,503.0,1
Jaguar,XJ,2012,271.23,1
Jaguar,XJ,2015,301.73,1
Jaguar,XJ,2016,271.23,1
Jaguar,XJ,2016,270.88,1
Jaguar,XJ,2017,237.4,1
Jeep,Compass,2017,170.0,8
Jeep,Compass,2017,160.0,1
Jeep,Compass,2018,170.0,7
Jeep,Compass,2018,160.0,1
Jeep,Compass,2019,170.0,2
Land Rover,Rover,2003,187.6942857142857,1
Land Rover,Rover,2008,187.6942857142857,2
Land Rover,Rover,2010,241.4,1
Land Rover,Rover,2010,115.0,1
Land Rover,Rover,2011,147.51,2
Land Rover,Rover,2011,308.0,1
Land Rover,Rover,2011,187.74,1
Land Rover,Rover,2011,115.0,1
Land Rover,Rover,2012,115.0,3
Land Rover,Rover,2012,308.0,2
Land Rover,Rover,2012,147.51,2
Land Rover,Rover,2012,187.74,2
Land Rover,Rover,2012,187.7,1
Land Rover,Rover,2012,190.0,1
Land Rover,Rover,2012,241.6,1
Land Rover,Rover,2012,245.41,1
Land Rover,Rover,2012,335.3,1
Land Rover,Rover,2013,115.0,2
Land Rover,Rover,2013,335.3,1
Land Rover,Rover,2013,180.0,1
Land Rover,Rover,2013,147.51,1
Land Rover,Rover,2014,187.7,5
Land Rover,Rover,2014,147.51,3
Land Rover,Rover,2014,255.0,1
Land Rover,Rover,2015,187.7,4
Land Rover,Rover,2015,255.0,1
Land Rover,Rover,2015,177.0,1
Land Rover,Rover,2015,147.51,1
Land Rover,Rover,2016,177.0,2
Land Rover,Rover,2016,187.7,2
Land Rover,Rover,2016,255.0,1
Land Rover,Rover,2016,147.5,1
Land Rover,Rover,2017,187.7,3
Land Rover,Rover,2017,147.5,1
Land Rover,Rover,2017,255.0,1
Land Rover,Rover,2017,148.31,1
Land Rover,Rover,2018,187.7,3
Land Rover,Rover,2018,177.0,1
Land Rover,Rover,2018,147.5,1
Land Rover,Rover,2019,255.0,1
Land Rover,Rover,2019,187.7,1
Land Rover,Rover,2019,148.31,1
Land Rover,Rover,2019,147.5,1
Mahindra,Bolero,2000,63.0,1
Mahindra,Bolero,2006,63.0,2
Mahindra,Bolero,2007,63.0,1
Mahindra,Bolero,2011,63.0,1
Mahindra,Bolero,2012,62.1,4
Mahindra,Bolero,2012,63.0,2
Mahindra,Bolero,2013,62.1,2
Mahindra,Bolero,2015,62.1,1
Mahindra,Bolero,2016,62.1,4
Mahindra,Bolero,2017,70.0,1
Mahindra,Bolero,2017,62.1,1
Mahindra,Bolero,2018,70.0,1
Mahindra,E,2016,41.0,1
Mahindra,KUV,2016,77.0,4
Mahindra,KUV,2016,82.0,3
Mahindra,KUV,2017,82.0,5
Mahindra,KUV,2017,77.0,5
Mahindra,KUV,2018,82.0,3
Mahindra,Logan,2010,75.0,1
Mahindra,Logan,2011,65.0,1
Mahindra,NuvoSport,2017,100.0,2
Mahindra,NuvoSport,2018,100.0,1
Mahindra,Quanto,2012,100.0,1
Mahindra,Quanto,2013,100.0,4
Mahindra,Quanto,2014,100.0,1
Mahindra,Renault,2007,65.0,2
Mahindra,Renault,2008,75.0,1
Mahindra,Scorpio,2005,120.0,2
Mahindra,Scorpio,2005,116.6,2
Mahindra,Scorpio,2006,120.0,1
Mahindra,Scorpio,2006,116.6,1
Mahindra,Scorpio,2007,120.0,3
Mahindra,Scorpio,2008,120.0,5
Mahindra,Scorpio,2010,120.0,7
Mahindra,Scorpio,2011,120.0,11
Mahindra,Scorpio,2012,120.0,6
Mahindra,Scorpio,2013,120.0,5
Mahindra,Scorpio,2014,120.0,8
Mahindra,Scorpio,2014,75.0,1
Mahindra,Scorpio,2015,120.0,6
Mahindra,Scorpio,2016,120.0,5
Mahindra,Scorpio,2017,120.0,4
Mahindra,Scorpio,2018,120.0,2
Mahindra,Ssangyong,2012,162.0,1
Mahindra,Ssangyong,2013,184.0,5
Mahindra,Ssangyong,2013,162.0,1
Mahindra,Ssangyong,2014,184.0,3
Mahindra,Ssangyong,2014,162.0,1
Mahindra,Ssangyong,2015,184.0,1
Mahindra,Ssangyong,2016,184.0,2
Mahindra,TUV,2016,100.0,3
Mahindra,TUV,2017,100.0,7
Mahindra,TUV,2018,100.0,2
Mahindra,Thar,2012,105.0,2
Mahindra,Thar,2014,105.0,1
Mahindra,Thar,2016,105.0,3
Mahindra,Thar,2017,105.0,1
Mahindra,Thar,2018,63.0,1
Mahindra,Thar,2019,105.0,1
Mahindra,Thar,2019,63.0,1
Mahindra,Verito,2011,64.1,1
Mahindra,Verito,2012,64.1,1
Mahindra,Verito,2012,65.0,1
Mahindra,Verito,2013,64.1,1
Mahindra,Verito,2013,65.0,1
Mahindra,Verito,2015,65.0,1
Mahindra,XUV300,2012,115.0,1
Mahindra,XUV500,2011,140.0,5
Mahindra,XUV500,2012,140.0,14
Mahindra,XUV500,2013,140.0,21
Mahindra,XUV500,2014,140.0,23
Mahindra,XUV500,2015,140.0,29
Mahindra,XUV500,2016,140.0,20
Mahindra,XUV500,2017,140.0,12
Mahindra,XUV500,2018,140.0,5
Mahindra,XUV500,2018,155.0,1
Mahindra,XUV500,2019,155.0,1
Mahindra,Xylo,2009,112.0,4
Mahindra,Xylo,2010,112.0,1
Mahindra,Xylo,2010,93.7,1
Mahindra,Xylo,2011,112.0,3
Mahindra,Xylo,2012,112.0,1
Mahindra,Xylo,2013,112.0,5
Mahindra,Xylo,2013,120.0,1
Mahindra,Xylo,2013,95.0,1
Mahindra,Xylo,2014,112.0,1
Mahindra,Xylo,2014,118.3,1
Mahindra,Xylo,2015,93.7,3
Mahindra,Xylo,2015,118.3,1
Mahindra,Xylo,2016,93.7,3
Mahindra,Xylo,2016,118.3,2
Mahindra,Xylo,2016,112.0,2
Maruti,800,2000,37.0,2
Maruti,800,2002,37.0,2
Maruti,800,2003,37.0,1
Maruti,800,2004,37.0,2
Maruti,800,2006,37.0,1
Maruti,800,2007,37.0,2
Maruti,800,2009,37.0,3
Maruti,800,2010,37.0,1
Maruti,800,2011,37.0,1
Maruti,A-Star,2008,66.1,1
Maruti,A-Star,2009,66.1,7
Maruti,A-Star,2010,66.1,6
Maruti,A-Star,2011,66.1,4
Maruti,A-Star,2012,66.1,2
Maruti,A-Star,2013,66.1,2
Maruti,Alto,2002,47.0,1
Maruti,Alto,2003,46.3,1
Maruti,Alto,2004,46.3,3
Maruti,Alto,2005,46.3,1
Maruti,Alto,2006,46.3,5
Maruti,Alto,2007,46.3,6
Maruti,Alto,2008,46.3,11
Maruti,Alto,2009,46.3,7
Maruti,Alto,2010,46.3,10
Maruti,Alto,2010,67.1,1
Maruti,Alto,2011,46.3,9
Maruti,Alto,2011,67.1,8
Maruti,Alto,2011,47.0,1
Maruti,Alto,2012,67.1,5
Maruti,Alto,2012,46.3,5
Maruti,Alto,2012,38.4,2
Maruti,Alto,2012,40.3,1
Maruti,Alto,2013,47.3,9
Maruti,Alto,2013,67.1,4
Maruti,Alto,2013,46.3,1
Maruti,Alto,2014,67.1,7
Maruti,Alto,2014,47.3,5
Maruti,Alto,2014,58.2,1
Maruti,Alto,2015,47.3,12
Maruti,Alto,2015,67.1,5
Maruti,Alto,2015,58.2,2
Maruti,Alto,2015,40.3,1
Maruti,Alto,2016,47.3,16
Maruti,Alto,2016,67.1,9
Maruti,Alto,2017,47.3,9
Maruti,Alto,2017,67.1,8
Maruti,Alto,2017,58.2,1
Maruti,Alto,2017,40.3,1
Maruti,Alto,2018,47.3,4
Maruti,Alto,2018,67.1,4
Maruti,Alto,2018,58.2,1
Maruti,Alto,2018,40.3,1
Maruti,Alto,2019,47.3,5
Maruti,Baleno,2004,94.0,1
Maruti,Baleno,2005,94.0,2
Maruti,Baleno,2006,94.0,3
Maruti,Baleno,2015,74.0,3
Maruti,Baleno,2016,83.1,16
Maruti,Baleno,2016,74.0,4
Maruti,Baleno,2017,83.1,17
Maruti,Baleno,2017,74.0,3
Maruti,Baleno,2017,100.0,2
Maruti,Baleno,2018,83.1,14
Maruti,Baleno,2018,74.0,5
Maruti,Baleno,2018,100.0,3
Maruti,Baleno,2019,83.1,2
Maruti,Celerio,2014,67.04,17
Maruti,Celerio,2015,67.04,16
Maruti,Celerio,2015,47.0,4
Maruti,Celerio,2015,58.33,1
Maruti,Celerio,2016,67.04,13
Maruti,Celerio,2016,58.33,1
Maruti,Celerio,2016,47.0,1
Maruti,Celerio,2017,67.04,8
Maruti,Celerio,2018,67.04,4
Maruti,Celerio,2018,67.0,1
Maruti,Ciaz,2014,91.1,3
Maruti,Ciaz,2014,88.5,1
Maruti,Ciaz,2015,88.5,13
Maruti,Ciaz,2015,91.1,11
Maruti,Ciaz,2016,88.5,16
Maruti,Ciaz,2016,91.1,6
Maruti,Ciaz,2016,91.2,2
Maruti,Ciaz,2017,88.5,10
Maruti,Ciaz,2017,91.1,9
Maruti,Ciaz,2017,103.25,2
Maruti,Ciaz,2018,91.1,4
Maruti,Ciaz,2018,103.25,3
Maruti,Ciaz,2018,88.5,3
Maruti,Dzire,2010,81.8,1
Maruti,Dzire,2011,81.8,1
Maruti,Dzire,2011,73.75,1
Maruti,Dzire,2012,73.75,2
Maruti,Dzire,2013,73.75,3
Maruti,Dzire,2013,81.8,2
Maruti,Dzire,2014,73.75,1
Maruti,Dzire,2015,73.75,1
Maruti,Dzire,2016,74.0,1
Maruti,Dzire,2016,73.75,1
Maruti,Dzire,2017,73.75,7
Maruti,Dzire,2017,81.8,2
Maruti,Dzire,2018,73.75,3
Maruti,Dzire,2018,81.8,1
Maruti,Dzire,2019,81.8,1
Maruti,Eeco,2011,73.0,1
Maruti,Eeco,2012,73.0,2
Maruti,Eeco,2013,73.0,2
Maruti,Eeco,2014,73.0,3
Maruti,Eeco,2015,63.0,1
Maruti,Eeco,2015,73.0,1
Maruti,Eeco,2016,73.0,3
Maruti,Eeco,2017,73.0,5
Maruti,Eeco,2018,73.0,2
Maruti,Eeco,2019,73.0,1
Maruti,Ertiga,2012,88.76,6
Maruti,Ertiga,2012,93.7,4
Maruti,Ertiga,2012,88.8,3
Maruti,Ertiga,2012,91.1,1
Maruti,Ertiga,2013,88.8,5
Maruti,Ertiga,2013,88.76,4
Maruti,Ertiga,2013,93.7,2
Maruti,Ertiga,2013,88.5,2
Maruti,Ertiga,2013,80.9,1
Maruti,Ertiga,2014,93.7,8
Maruti,Ertiga,2014,88.76,5
Maruti,Ertiga,2014,88.8,4
Maruti,Ertiga,2014,88.5,1
Maruti,Ertiga,2015,88.8,4
Maruti,Ertiga,2015,88.76,2
Maruti,Ertiga,2015,93.7,1
Maruti,Ertiga,2015,91.1,1
Maruti,Ertiga,2015,88.5,1
Maruti,Ertiga,2016,88.5,8
Maruti,Ertiga,2016,88.76,3
Maruti,Ertiga,2016,93.7,1
Maruti,Ertiga,2016,103.0,1
Maruti,Ertiga,2016,88.8,1
Maruti,Ertiga,2016,88.7,1
Maruti,Ertiga,2016,80.46,1
Maruti,Ertiga,2017,88.5,6
Maruti,Ertiga,2017,80.46,2
Maruti,Ertiga,2017,103.0,1
Maruti,Ertiga,2017,88.76,1
Maruti,Ertiga,2018,88.5,3
Maruti,Ertiga,2018,93.7,1
Maruti,Ertiga,2018,91.1,1
Maruti,Esteem,2003,85.0,1
Maruti,Esteem,2004,85.0,1
Maruti,Esteem,2005,85.0,2
Maruti,Esteem,2006,85.0,1
Maruti,Esteem,2007,85.0,1
Maruti,Grand,2008,163.5,2
Maruti,Grand,2017,163.5,1
Maruti,Grand,2018,163.5,1
Maruti,Ignis,2017,81.8,6
Maruti,Ignis,2017,74.0,1
Maruti,Ignis,2019,81.8,3
Maruti,Omni,2004,35.0,1
Maruti,Omni,2005,34.2,1
Maruti,Omni,2010,35.0,2
Maruti,Omni,2011,35.0,2
Maruti,Omni,2012,35.0,2
Maruti,Omni,2012,34.2,1
Maruti,Omni,2013,34.2,3
Maruti,Omni,2013,35.0,1
Maruti,Omni,2015,34.2,2
Maruti,Omni,2015,35.0,1
Maruti,Omni,2016,35.0,2
Maruti,Omni,2017,35.0,2
Maruti,Omni,2017,34.2,1
Maruti,Omni,2019,35.0,1
Maruti,Omni,2019,34.2,1
Maruti,Ritz,2009,73.9,2
Maruti,Ritz,2009,73.94,1
Maruti,Ritz,2010,73.9,8
Maruti,Ritz,2010,85.8,1
Maruti,Ritz,2011,73.9,7
Maruti,Ritz,2011,85.8,5
Maruti,Ritz,2011,73.94,3
Maruti,Ritz,2012,85.8,6
Maruti,Ritz,2012,73.94,6
Maruti,Ritz,2012,73.9,3
Maruti,Ritz,2013,73.94,4
Maruti,Ritz,2013,73.9,4
Maruti,Ritz,2013,85.8,3
Maruti,Ritz,2014,85.8,4
Maruti,Ritz,2014,73.94,3
Maruti,Ritz,2015,73.94,6
Maruti,Ritz,2015,85.8,1
Maruti,Ritz,2015,73.9,1
Maruti,Ritz,2016,85.8,6
Maruti,Ritz,2016,73.94,4
Maruti,S,2015,88.5,2
Maruti,S,2015,118.0,1
Maruti,S,2016,118.0,2
Maruti,S,2016,88.5,1
Maruti,S,2017,88.5,1
Maruti,S-Cross,2016,88.5,2
Maruti,S-Cross,2018,88.5,1
Maruti,SX4,2007,104.68,3
Maruti,SX4,2008,104.68,2
Maruti,SX4,2008,103.2,1
Maruti,SX4,2009,103.3,2
Maruti,SX4,2009,104.68,1
Maruti,SX4,2009,103.2,1
Maruti,SX4,2010,103.3,4
Maruti,SX4,2010,104.68,1
Maruti,SX4,2010,103.2,1
Maruti,SX4,2011,88.8,3
Maruti,SX4,2011,103.3,2
Maruti,SX4,2011,103.2,1
Maruti,SX4,2011,104.68,1
Maruti,SX4,2012,88.8,2
Maruti,SX4,2012,103.3,2
Maruti,SX4,2013,103.3,2
Maruti,SX4,2013,88.8,1
Maruti,SX4,2014,85.7,1
Maruti,SX4,2014,88.73,1
Maruti,SX4,2014,88.8,1
Maruti,SX4,2015,118.0,1
Maruti,SX4,2015,88.73,1
Maruti,SX4,2015,85.7,1
Maruti,SX4,2016,118.0,4
Maruti,SX4,2016,88.5,2
Maruti,SX4,2017,88.5,2
Maruti,Swift,2006,81.8,4
Maruti,Swift,2007,74.0,2
Maruti,Swift,2007,75.0,2
Maruti,Swift,2007,74.5,1
Maruti,Swift,2008,75.0,5
Maruti,Swift,2008,88.2,4
Maruti,Swift,2008,85.8,3
Maruti,Swift,2008,73.9,2
Maruti,Swift,2008,83.11,1
Maruti,Swift,2008,81.8,1
Maruti,Swift,2008,74.0,1
Maruti,Swift,2009,85.8,4
Maruti,Swift,2009,88.2,3
Maruti,Swift,2009,73.9,3
Maruti,Swift,2009,75.0,2
Maruti,Swift,2010,73.9,10
Maruti,Swift,2010,85.8,6
Maruti,Swift,2010,75.0,4
Maruti,Swift,2010,79.408,4
Maruti,Swift,2010,88.2,3
Maruti,Swift,2010,85.0,1
Maruti,Swift,2010,81.8,1
Maruti,Swift,2011,73.9,5
Maruti,Swift,2011,85.8,5
Maruti,Swift,2011,74.0,2
Maruti,Swift,2011,88.2,1
Maruti,Swift,2011,79.5923076923077,1
Maruti,Swift,2012,74.0,23
Maruti,Swift,2012,85.8,15
Maruti,Swift,2012,73.9,3
Maruti,Swift,2012,88.2,1
Maruti,Swift,2012,85.0,1
Maruti,Swift,2012,81.8,1
Maruti,Swift,2012,78.68222222222222,1
Maruti,Swift,2012,75.0,1
Maruti,Swift,2013,74.0,36
Maruti,Swift,2013,85.8,11
Maruti,Swift,2013,73.9,3
Maruti,Swift,2014,74.0,47
Maruti,Swift,2014,85.8,15
Maruti,Swift,2014,73.9,4
Maruti,Swift,2014,81.8,3
Maruti,Swift,2014,75.0,2
Maruti,Swift,2014,85.0,1
Maruti,Swift,2014,76.95833333333333,1
Maruti,Swift,2015,74.0,39
Maruti,Swift,2015,85.8,7
Maruti,Swift,2015,83.14,5
Maruti,Swift,2015,77.00645161290322,4
Maruti,Swift,2015,81.8,4
Maruti,Swift,2015,73.9,3
Maruti,Swift,2015,75.0,2
Maruti,Swift,2015,88.2,1
Maruti,Swift,2015,85.0,1
Maruti,Swift,2016,74.0,29
Maruti,Swift,2016,81.8,10
Maruti,Swift,2016,85.8,3
Maruti,Swift,2016,73.9,3
Maruti,Swift,2016,77.13020408163266,3
Maruti,Swift,2016,83.14,2
Maruti,Swift,2016,85.0,2
Maruti,Swift,2017,74.0,17
Maruti,Swift,2017,81.8,8
Maruti,Swift,2017,83.14,5
Maruti,Swift,2017,73.9,1
Maruti,Swift,2017,85.0,1
Maruti,Swift,2018,74.0,9
Maruti,Swift,2018,73.9,1
Maruti,Swift,2018,81.8,1
Maruti,Swift,2018,88.2,1
Maruti,Swift,2018,83.14,1
Maruti,Swift,2019,74.0,3
Maruti,Swift,2019,81.8,2
Maruti,Versa,2003,83.1,1
Maruti,Versa,2006,83.1,1
Maruti,Vitara,2016,88.5,15
Maruti,Vitara,2017,88.5,26
Maruti,Vitara,2018,88.5,13
Maruti,Vitara,2019,88.5,1
Maruti,Wagon,2001,66.28519774011299,1
Maruti,Wagon,2002,67.1,1
Maruti,Wagon,2003,67.1,2
Maruti,Wagon,2003,64.0,1
Maruti,Wagon,2004,67.1,3
Maruti,Wagon,2004,64.0,2
Maruti,Wagon,2005,64.0,2
Maruti,Wagon,2006,67.1,7
Maruti,Wagon,2006,67.0,1
Maruti,Wagon,2006,64.0,1
Maruti,Wagon,2007,67.1,4
Maruti,Wagon,2007,64.0,4
Maruti,Wagon,2007,57.5,1
Maruti,Wagon,2008,67.0,2
Maruti,Wagon,2008,67.1,2
Maruti,Wagon,2008,64.0,1
Maruti,Wagon,2008,57.5,1
Maruti,Wagon,2009,67.1,2
Maruti,Wagon,2009,67.0,2
Maruti,Wagon,2009,64.0,1
Maruti,Wagon,2009,57.5,1
Maruti,Wagon,2010,67.1,6
Maruti,Wagon,2010,67.04,5
Maruti,Wagon,2010,67.0,1
Maruti,Wagon,2010,58.2,1
Maruti,Wagon,2010,58.16,1
Maruti,Wagon,2011,67.1,8
Maruti,Wagon,2011,67.04,2
Maruti,Wagon,2011,67.0,1
Maruti,Wagon,2012,67.1,8
Maruti,Wagon,2012,58.2,5
Maruti,Wagon,2012,67.04,3
Maruti,Wagon,2013,67.04,6
Maruti,Wagon,2013,67.1,4
Maruti,Wagon,2013,58.16,4
Maruti,Wagon,2013,67.0,1
Maruti,Wagon,2013,64.0,1
Maruti,Wagon,2014,67.04,17
Maruti,Wagon,2014,58.16,5
Maruti,Wagon,2014,67.1,2
Maruti,Wagon,2014,58.2,1
Maruti,Wagon,2014,81.8,1
Maruti,Wagon,2015,67.04,7
Maruti,Wagon,2015,67.1,6
Maruti,Wagon,2015,81.8,4
Maruti,Wagon,2015,58.16,2
Maruti,Wagon,2015,58.2,1
Maruti,Wagon,2015,67.0,1
Maruti,Wagon,2016,67.0,7
Maruti,Wagon,2016,67.04,4
Maruti,Wagon,2016,67.1,3
Maruti,Wagon,2016,58.16,1
Maruti,Wagon,2017,67.0,5
Maruti,Wagon,2017,67.04,3
Maruti,Wagon,2018,67.04,2
Maruti,Wagon,2018,67.0,2
Maruti,Wagon,2018,81.8,1
Maruti,Wagon,2018,67.1,1
Maruti,Wagon,2019,81.8,2
Maruti,Wagon,2019,67.04,1
Maruti,Zen,1998,60.0,2
Maruti,Zen,1999,60.0,1
Maruti,Zen,2000,60.0,1
Maruti,Zen,2002,60.0,2
Maruti,Zen,2003,60.0,2
Maruti,Zen,2004,60.0,1
Maruti,Zen,2005,60.0,2
Maruti,Zen,2006,60.0,2
Maruti,Zen,2006,67.1,1
Maruti,Zen,2007,67.1,2
Maruti,Zen,2007,64.0,2
Maruti,Zen,2008,67.1,2
Maruti,Zen,2008,64.0,1
Maruti,Zen,2009,67.1,2
Maruti,Zen,2009,60.0,1
Maruti,Zen,2010,67.1,2
Maruti,Zen,2010,64.0,1
Maruti,Zen,2011,67.1,4
Maruti,Zen,2011,64.0,1
Maruti,Zen,2012,67.1,1
Mercedes-Benz,A,2013,107.3,4
Mercedes-Benz,A,2013,120.7,1
Mercedes-Benz,A,2014,107.3,1
Mercedes-Benz,A,2015,136.0,1
Mercedes-Benz,A,2015,120.7,1
Mercedes-Benz,A,2015,107.3,1
Mercedes-Benz,A,2016,136.0,1
Mercedes-Benz,A,2016,122.0,1
Mercedes-Benz,A,2016,107.3,1
Mercedes-Benz,B,2012,120.69,1
Mercedes-Benz,B,2013,120.7,4
Mercedes-Benz,B,2013,107.3,1
Mercedes-Benz,B,2014,120.7,3
Mercedes-Benz,B,2014,107.3,2
Mercedes-Benz,B,2015,120.7,1
Mercedes-Benz,B,2016,107.3,1
Mercedes-Benz,B,2017,107.3,2
Mercedes-Benz,C-Class,2018,194.0,1
Mercedes-Benz,C-Class,2019,194.0,2
Mercedes-Benz,CLA,2015,360.0,1
Mercedes-Benz,CLA,2015,136.0,1
Mercedes-Benz,CLA,2016,183.0,2
Mercedes-Benz,CLA,2016,136.0,1
Mercedes-Benz,CLA,2017,136.0,5
Mercedes-Benz,CLA,2017,183.0,1
Mercedes-Benz,CLA,2019,136.0,4
Mercedes-Benz,CLS-Class,2010,271.72,1
Mercedes-Benz,E-Class,1998,157.7,1
Mercedes-Benz,E-Class,2001,203.14302659956866,1
Mercedes-Benz,E-Class,2003,203.0,1
Mercedes-Benz,E-Class,2004,157.7,1
Mercedes-Benz,E-Class,2005,198.5,3
Mercedes-Benz,E-Class,2006,198.5,1
Mercedes-Benz,E-Class,2007,198.5,2
Mercedes-Benz,E-Class,2008,231.1,1
Mercedes-Benz,E-Class,2008,198.5,1
Mercedes-Benz,E-Class,2008,157.7,1
Mercedes-Benz,E-Class,2009,198.5,3
Mercedes-Benz,E-Class,2009,272.0,2
Mercedes-Benz,E-Class,2009,157.7,1
Mercedes-Benz,E-Class,2010,203.0,3
Mercedes-Benz,E-Class,2010,204.0,2
Mercedes-Benz,E-Class,2010,272.0,1
Mercedes-Benz,E-Class,2011,203.0,6
Mercedes-Benz,E-Class,2011,185.0,3
Mercedes-Benz,E-Class,2011,204.0,2
Mercedes-Benz,E-Class,2011,210.0,1
Mercedes-Benz,E-Class,2011,196.05384615384614,1
Mercedes-Benz,E-Class,2011,157.7,1
Mercedes-Benz,E-Class,2012,157.7,1
Mercedes-Benz,E-Class,2012,203.0,1
Mercedes-Benz,E-Class,2013,170.0,5
Mercedes-Benz,E-Class,2013,203.0,4
Mercedes-Benz,E-Class,2013,157.7,1
Mercedes-Benz,E-Class,2013,181.03,1
Mercedes-Benz,E-Class,2013,194.0,1
Mercedes-Benz,E-Class,2013,204.0,1
Mercedes-Benz,E-Class,2013,201.1,1
Mercedes-Benz,E-Class,2014,203.0,6
Mercedes-Benz,E-Class,2014,201.1,3
Mercedes-Benz,E-Class,2014,204.0,2
Mercedes-Benz,E-Class,2014,261.5,1
Mercedes-Benz,E-Class,2014,258.0,1
Mercedes-Benz,E-Class,2014,184.0,1
Mercedes-Benz,E-Class,2014,170.0,1
Mercedes-Benz,E-Class,2014,157.7,1
Mercedes-Benz,E-Class,2015,201.1,5
Mercedes-Benz,E-Class,2015,204.0,2
Mercedes-Benz,E-Class,2015,333.0,1
Mercedes-Benz,E-Class,2015,265.0,1
Mercedes-Benz,E-Class,2015,210.0,1
Mercedes-Benz,E-Class,2016,204.0,8
Mercedes-Benz,E-Class,2016,203.0,2
Mercedes-Benz,E-Class,2016,185.0,1
Mercedes-Benz,E-Class,2016,201.1,1
Mercedes-Benz,E-Class,2017,204.0,6
Mercedes-Benz,E-Class,2017,265.0,1
Mercedes-Benz,E-Class,2017,191.34,1
Mercedes-Benz,E-Class,2018,191.34,2
Mercedes-Benz,E-Class,2018,265.0,1
Mercedes-Benz,E-Class,2018,258.0,1
Mercedes-Benz,E-Class,2018,204.0,1
Mercedes-Benz,E-Class,2018,194.0,1
Mercedes-Benz,E-Class,2019,258.0,1
Mercedes-Benz,GL-Class,2010,224.0,1
Mercedes-Benz,GL-Class,2013,254.8,2
Mercedes-Benz,GL-Class,2013,224.0,2
Mercedes-Benz,GL-Class,2014,224.0,2
Mercedes-Benz,GL-Class,2014,254.8,1
Mercedes-Benz,GL-Class,2015,254.8,3
Mercedes-Benz,GL-Class,2015,224.0,2
Mercedes-Benz,GL-Class,2016,254.8,1
Mercedes-Benz,GL-Class,2016,224.0,1
Mercedes-Benz,GLA,2014,136.0,2
Mercedes-Benz,GLA,2015,136.0,5
Mercedes-Benz,GLA,2016,136.0,4
Mercedes-Benz,GLA,2016,183.0,2
Mercedes-Benz,GLA,2017,136.0,4
Mercedes-Benz,GLA,2018,136.0,1
Mercedes-Benz,GLA,2018,183.0,1
Mercedes-Benz,GLA,2019,170.0,1
Mercedes-Benz,GLC,2016,170.0,1
Mercedes-Benz,GLC,2017,170.0,4
Mercedes-Benz,GLC,2017,168.0,1
Mercedes-Benz,GLC,2018,170.0,1
Mercedes-Benz,GLC,2018,367.0,1
Mercedes-Benz,GLC,2019,170.0,1
Mercedes-Benz,GLE,2016,254.79,3
Mercedes-Benz,GLE,2016,201.15,3
Mercedes-Benz,GLE,2017,254.79,3
Mercedes-Benz,GLE,2017,201.15,2
Mercedes-Benz,GLE,2018,254.79,3
Mercedes-Benz,GLS,2017,258.0,1
Mercedes-Benz,GLS,2018,258.0,1
Mercedes-Benz,M-Class,2008,224.34,1
Mercedes-Benz,M-Class,2009,224.34,3
Mercedes-Benz,M-Class,2011,224.0,2
Mercedes-Benz,M-Class,2012,165.0,3
Mercedes-Benz,M-Class,2012,254.8,2
Mercedes-Benz,M-Class,2012,203.2,1
Mercedes-Benz,M-Class,2012,224.0,1
Mercedes-Benz,M-Class,2013,254.8,1
Mercedes-Benz,M-Class,2014,203.2,3
Mercedes-Benz,M-Class,2014,165.0,2
Mercedes-Benz,M-Class,2015,165.0,2
Mercedes-Benz,M-Class,2015,203.2,1
Mercedes-Benz,M-Class,2016,165.0,3
Mercedes-Benz,M-Class,2016,203.2,2
Mercedes-Benz,New,2005,178.0,1
Mercedes-Benz,New,2007,186.0,2
Mercedes-Benz,New,2007,170.0,1
Mercedes-Benz,New,2008,170.0,1
Mercedes-Benz,New,2009,178.0,2
Mercedes-Benz,New,2009,170.0,1
Mercedes-Benz,New,2010,170.0,5
Mercedes-Benz,New,2010,178.0,2
Mercedes-Benz,New,2010,186.0,1
Mercedes-Benz,New,2010,204.0,1
Mercedes-Benz,New,2011,186.0,7
Mercedes-Benz,New,2011,170.0,3
Mercedes-Benz,New,2011,181.03,2
Mercedes-Benz,New,2011,184.0,2
Mercedes-Benz,New,2011,204.0,2
Mercedes-Benz,New,2011,167.62,1
Mercedes-Benz,New,2011,178.0,1
Mercedes-Benz,New,2012,170.0,6
Mercedes-Benz,New,2012,186.0,2
Mercedes-Benz,New,2012,204.0,2
Mercedes-Benz,New,2012,167.62,1
Mercedes-Benz,New,2012,184.0,1
Mercedes-Benz,New,2012,201.15,1
Mercedes-Benz,New,2013,170.0,9
Mercedes-Benz,New,2013,167.62,2
Mercedes-Benz,New,2013,181.04,1
Mercedes-Benz,New,2014,170.0,8
Mercedes-Benz,New,2014,167.62,3
Mercedes-Benz,New,2014,186.0,1
Mercedes-Benz,New,2015,170.0,5
Mercedes-Benz,New,2015,167.62,3
Mercedes-Benz,New,2015,186.0,1
Mercedes-Benz,New,2016,167.62,4
Mercedes-Benz,New,2016,170.0,3
Mercedes-Benz,New,2016,201.15,1
Mercedes-Benz,New,2017,167.62,4
Mercedes-Benz,New,2017,170.0,3
Mercedes-Benz,New,2017,201.15,2
Mercedes-Benz,New,2018,167.62,9
Mercedes-Benz,New,2018,170.0,1
Mercedes-Benz,New,2019,170.0,1
Mercedes-Benz,New,2019,181.43,1
Mercedes-Benz,R-Class,2010,261.0,1
Mercedes-Benz,R-Class,2010,272.0,1
Mercedes-Benz,R-Class,2011,272.0,1
Mercedes-Benz,R-Class,2014,272.0,1
Mercedes-Benz,S,2006,364.9,2
Mercedes-Benz,S,2007,364.9,1
Mercedes-Benz,S,2007,210.0,1
Mercedes-Benz,S,2008,364.9,1
Mercedes-Benz,S,2009,210.0,1
Mercedes-Benz,S,2009,282.0,1
Mercedes-Benz,S,2010,282.0,2
Mercedes-Benz,S,2010,362.9,1
Mercedes-Benz,S,2011,282.0,1
Mercedes-Benz,S,2013,210.0,1
Mercedes-Benz,S,2017,282.0,1
Mercedes-Benz,S-Class,2003,210.0,1
Mercedes-Benz,S-Class,2004,210.0,1
Mercedes-Benz,S-Class,2006,210.0,1
Mercedes-Benz,S-Class,2007,210.0,1
Mercedes-Benz,S-Class,2011,281.61,1
Mercedes-Benz,SL-Class,2010,387.3,1
Mercedes-Benz,SLC,2017,362.07,1
Mercedes-Benz,SLC,2018,362.07,1
Mercedes-Benz,SLC,2019,362.07,1
Mercedes-Benz,SLK-Class,2014,421.0,1
Mercedes-Benz,SLK-Class,2015,306.0,1
Mercedes-Benz,SLK-Class,2016,306.0,1
Mini Cooper,Clubman,2017,192.0,2
Mini Cooper,Cooper,2012,181.0,2
Mini Cooper,Cooper,2012,189.08,1
Mini Cooper,Cooper,2013,112.0,2
Mini Cooper,Cooper,2013,189.08,1
Mini Cooper,Cooper,2013,181.0,1
Mini Cooper,Cooper,2014,112.0,2
Mini Cooper,Cooper,2014,113.98,2
Mini Cooper,Cooper,2014,189.08,1
Mini Cooper,Cooper,2015,113.98,2
Mini Cooper,Cooper,2015,112.0,1
Mini Cooper,Cooper,2015,122.0,1
Mini Cooper,Cooper,2016,113.98,3
Mini Cooper,Cooper,2016,189.08,2
Mini Cooper,Cooper,2016,181.0,1
Mini Cooper,Cooper,2017,189.08,2
Mini Cooper,Cooper,2017,113.98,2
Mini Cooper,Cooper,2018,181.0,1
Mini Cooper,Cooper,2019,113.98,1
Mini Cooper,Countryman,2017,112.0,1
Mitsubishi,Cedia,2009,114.0,1
Mitsubishi,Cedia,2010,114.0,1
Mitsubishi,Lancer,2001,85.8,1
Mitsubishi,Lancer,2003,68.0,1
Mitsubishi,Montero,2007,199.3,1
Mitsubishi,Outlander,2010,170.0,2
Mitsubishi,Pajero,2004,107.2,1
Mitsubishi,Pajero,2007,107.2,1
Mitsubishi,Pajero,2008,107.2,2
Mitsubishi,Pajero,2008,118.6,1
Mitsubishi,Pajero,2009,107.2,1
Mitsubishi,Pajero,2012,107.2,3
Mitsubishi,Pajero,2012,118.6,1
Mitsubishi,Pajero,2013,175.56,3
Mitsubishi,Pajero,2013,107.2,1
Mitsubishi,Pajero,2013,116.9,1
Mitsubishi,Pajero,2014,175.56,3
Mitsubishi,Pajero,2014,178.0,1
Mitsubishi,Pajero,2015,175.56,5
Mitsubishi,Pajero,2016,175.56,1
Mitsubishi,Pajero,2018,175.56,3
Mitsubishi,Pajero,2019,175.56,1
Nissan,370Z,2012,328.5,1
Nissan,Evalia,2013,84.8,1
Nissan,Micra,2010,75.0,4
Nissan,Micra,2011,63.1,8
Nissan,Micra,2011,75.0,2
Nissan,Micra,2011,66.4309090909091,1
Nissan,Micra,2011,75.94,1
Nissan,Micra,2012,63.1,5
Nissan,Micra,2012,63.12,1
Nissan,Micra,2013,63.1,5
Nissan,Micra,2013,75.0,2
Nissan,Micra,2013,76.0,1
Nissan,Micra,2014,63.1,2
Nissan,Micra,2014,76.0,1
Nissan,Micra,2015,75.94,1
Nissan,Micra,2015,67.04,1
Nissan,Micra,2015,76.0,1
Nissan,Micra,2016,67.04,2
Nissan,Micra,2016,75.0,1
Nissan,Micra,2016,75.94,1
Nissan,Micra,2017,75.94,2
Nissan,Micra,2017,67.04,1
Nissan,Micra,2018,75.94,1
Nissan,Micra,2018,67.04,1
Nissan,Sunny,2011,97.7,2
Nissan,Sunny,2012,84.8,9
Nissan,Sunny,2012,97.6,1
Nissan,Sunny,2012,97.7,1
Nissan,Sunny,2013,84.8,5
Nissan,Sunny,2013,97.7,4
Nissan,Sunny,2013,99.6,2
Nissan,Sunny,2014,84.8,3
Nissan,Sunny,2014,99.6,1
Nissan,Sunny,2015,99.6,1
Nissan,Sunny,2015,84.8,1
Nissan,Sunny,2016,97.6,1
Nissan,Sunny,2016,97.7,1
Nissan,Teana,2008,179.5,2
Nissan,Teana,2009,179.5,1
Nissan,Teana,2014,179.5,1
Nissan,Teana,2015,179.5,1
Nissan,Terrano,2013,108.5,2
Nissan,Terrano,2013,102.5,2
Nissan,Terrano,2013,83.14,1
Nissan,Terrano,2013,83.8,1
Nissan,Terrano,2014,108.5,6
Nissan,Terrano,2014,83.8,4
Nissan,Terrano,2014,102.5,3
Nissan,Terrano,2014,83.14,1
Nissan,Terrano,2015,108.5,7
Nissan,Terrano,2015,83.14,1
Nissan,Terrano,2016,83.8,1
Nissan,Terrano,2016,108.5,1
Nissan,X-Trail,2010,147.6,2
Nissan,X-Trail,2011,147.6,1
OpelCorsa,1.4Gsi,2005,88.0,1
Porsche,Boxster,2015,265.0,1
Porsche,Cayenne,2008,500.0,1
Porsche,Cayenne,2010,550.0,1
Porsche,Cayenne,2013,240.0,1
Porsche,Cayenne,2014,240.0,1
Porsche,Cayenne,2015,240.0,1
Porsche,Cayenne,2015,245.0,1
Porsche,Cayenne,2016,382.0,1
Porsche,Cayenne,2019,340.0,1
Porsche,Panamera,2010,394.3,1
Porsche,Panamera,2013,300.0,3
Porsche,Panamera,2013,394.3,1
Porsche,Panamera,2014,250.0,1
Porsche,Panamera,2015,300.0,2
Renault,Captur,2018,108.45,2
Renault,Captur,2019,108.45,2
Renault,Duster,2012,108.45,10
Renault,Duster,2012,83.8,2
Renault,Duster,2013,108.45,15
Renault,Duster,2013,83.8,10
Renault,Duster,2013,102.57,1
Renault,Duster,2014,108.45,13
Renault,Duster,2014,83.8,10
Renault,Duster,2014,102.53,1
Renault,Duster,2014,102.57,1
Renault,Duster,2015,83.8,11
Renault,Duster,2015,108.45,6
Renault,Duster,2015,102.53,1
Renault,Duster,2016,108.45,7
Renault,Duster,2016,83.8,4
Renault,Duster,2017,108.45,4
Renault,Duster,2018,83.8,1
Renault,Fluence,2011,135.1,1
Renault,Fluence,2012,78.0,1
Renault,Fluence,2012,108.5,1
Renault,Fluence,2013,78.0,1
Renault,KWID,2015,53.3,1
Renault,KWID,2016,53.3,15
Renault,KWID,2016,67.0,1
Renault,KWID,2017,53.3,8
Renault,KWID,2017,67.0,7
Renault,KWID,2018,67.0,5
Renault,KWID,2018,53.3,5
Renault,KWID,2019,53.3,2
Renault,Koleos,2011,148.0,1
Renault,Koleos,2013,148.0,2
Renault,Koleos,2014,147.9,1
Renault,Lodgy,2015,108.5,2
Renault,Lodgy,2016,108.5,1
Renault,Pulse,2012,63.12,2
Renault,Pulse,2013,63.12,1
Renault,Pulse,2014,63.12,3
Renault,Pulse,2014,74.96,1
Renault,Pulse,2015,63.12,1
Renault,Pulse,2016,74.93,1
Renault,Scala,2013,84.8,2
Renault,Scala,2013,97.6,1
Renault,Scala,2013,99.6,1
Renault,Scala,2016,84.8,1
Skoda,Fabia,2008,70.0,1
Skoda,Fabia,2009,70.0,2
Skoda,Fabia,2009,85.0,1
Skoda,Fabia,2010,75.0,2
Skoda,Fabia,2010,73.9,1
Skoda,Fabia,2011,75.0,1
Skoda,Fabia,2012,73.9,1
Skoda,Fabia,2012,105.0,1
Skoda,Fabia,2012,75.0,1
Skoda,Laura,2007,106.0,1
Skoda,Laura,2007,105.0,1
Skoda,Laura,2008,106.0,2
Skoda,Laura,2009,105.0,4
Skoda,Laura,2009,106.0,1
Skoda,Laura,2009,105.2,1
Skoda,Laura,2010,105.0,2
Skoda,Laura,2010,138.1,1
Skoda,Laura,2010,113.525,1
Skoda,Laura,2010,106.0,1
Skoda,Laura,2011,157.8,4
Skoda,Laura,2011,138.1,3
Skoda,Laura,2011,108.5,2
Skoda,Laura,2011,106.0,1
Skoda,Laura,2012,138.1,2
Skoda,Laura,2012,106.0,1
Skoda,Laura,2012,105.0,1
Skoda,Laura,2013,138.1,3
Skoda,Laura,2013,108.5,1
Skoda,Laura,2013,106.0,1
Skoda,Laura,2013,105.0,1
Skoda,Laura,2014,138.1,1
Skoda,Octavia,2002,66.0,2
Skoda,Octavia,2003,66.0,1
Skoda,Octavia,2005,66.0,3
Skoda,Octavia,2005,227.0,1
Skoda,Octavia,2006,90.0,1
Skoda,Octavia,2006,66.0,1
Skoda,Octavia,2008,66.0,3
Skoda,Octavia,2011,66.0,1
Skoda,Octavia,2013,141.0,3
Skoda,Octavia,2013,138.02,1
Skoda,Octavia,2014,141.0,2
Skoda,Octavia,2014,177.6,1
Skoda,Octavia,2014,177.5,1
Skoda,Octavia,2015,141.0,6
Skoda,Octavia,2015,177.5,1
Skoda,Octavia,2016,141.0,2
Skoda,Octavia,2016,138.02,1
Skoda,Octavia,2017,177.5,1
Skoda,Octavia,2018,141.0,1
Skoda,Rapid,2012,103.5,5
Skoda,Rapid,2012,103.6,1
Skoda,Rapid,2012,108.4,1
Skoda,Rapid,2013,103.5,7
Skoda,Rapid,2013,103.52,3
Skoda,Rapid,2014,103.6,3
Skoda,Rapid,2014,103.52,3
Skoda,Rapid,2014,103.5,1
Skoda,Rapid,2015,103.52,13
Skoda,Rapid,2015,103.5,1
Skoda,Rapid,2015,103.6,1
Skoda,Rapid,2016,103.52,5
Skoda,Rapid,2016,108.4,1
Skoda,Rapid,2017,103.52,5
Skoda,Rapid,2017,108.4,3
Skoda,Rapid,2018,103.52,2
Skoda,Rapid,2018,108.4,1
Skoda,Rapid,2019,103.52,2
Skoda,Superb,2005,193.1,2
Skoda,Superb,2009,157.75,3
Skoda,Superb,2009,262.6,1
Skoda,Superb,2010,157.75,4
Skoda,Superb,2010,157.8,2
Skoda,Superb,2010,262.6,1
Skoda,Superb,2010,177.46,1
Skoda,Superb,2010,161.6,1
Skoda,Superb,2010,160.0,1
Skoda,Superb,2011,157.75,4
Skoda,Superb,2011,138.1,2
Skoda,Superb,2011,177.46,1
Skoda,Superb,2011,160.0,1
Skoda,Superb,2012,138.1,2
Skoda,Superb,2012,157.75,2
Skoda,Superb,2012,163.2,1
Skoda,Superb,2012,160.0,1
Skoda,Superb,2013,177.46,1
Skoda,Superb,2013,157.75,1
Skoda,Superb,2013,138.1,1
Skoda,Superb,2014,157.75,6
Skoda,Superb,2014,138.1,2
Skoda,Superb,2014,138.03,1
Skoda,Superb,2015,157.75,2
Skoda,Superb,2015,174.5,1
Skoda,Superb,2016,177.46,4
Skoda,Superb,2016,157.75,2
Skoda,Superb,2017,174.5,4
Skoda,Superb,2017,177.46,2
Skoda,Superb,2019,177.46,1
Skoda,Yeti,2010,138.08,1
Skoda,Yeti,2011,138.08,2
Skoda,Yeti,2012,108.49,2
Skoda,Yeti,2016,108.5,1
Tata,Bolt,2016,74.0,1
Tata,Bolt,2016,88.7,1
Tata,Bolt,2017,74.0,2
Tata,Hexa,2016,153.86,1
Tata,Hexa,2017,153.86,2
Tata,Hexa,2019,153.86,1
Tata,Indica,2004,52.8,1
Tata,Indica,2005,68.07081761006289,1
Tata,Indica,2006,68.0,1
Tata,Indica,2006,64.0,1
Tata,Indica,2006,60.0,1
Tata,Indica,2007,65.3,2
Tata,Indica,2007,53.5,1
Tata,Indica,2008,53.5,2
Tata,Indica,2008,62.0,1
Tata,Indica,2009,75.0,2
Tata,Indica,2009,71.66666666666667,2
Tata,Indica,2009,65.0,1
Tata,Indica,2010,65.0,1
Tata,Indica,2010,71.0,1
Tata,Indica,2010,75.0,1
Tata,Indica,2011,75.0,1
Tata,Indica,2011,52.8,1
Tata,Indica,2012,74.0,7
Tata,Indica,2012,70.0,2
Tata,Indica,2012,88.8,1
Tata,Indica,2012,75.0,1
Tata,Indica,2013,74.0,2
Tata,Indica,2013,70.0,1
Tata,Indica,2013,53.5,1
Tata,Indica,2013,48.21,1
Tata,Indica,2014,74.0,2
Tata,Indica,2014,70.0,1
Tata,Indica,2014,75.0,1
Tata,Indica,2015,69.0,3
Tata,Indica,2015,70.0,1
Tata,Indica,2016,69.0,3
Tata,Indica,2016,70.0,1
Tata,Indica,2017,69.0,4
Tata,Indica,2017,48.21,1
Tata,Indigo,2005,70.0,2
Tata,Indigo,2006,70.0,1
Tata,Indigo,2008,70.0,3
Tata,Indigo,2008,65.0,1
Tata,Indigo,2008,99.6,1
Tata,Indigo,2008,69.0,1
Tata,Indigo,2009,69.0,1
Tata,Indigo,2010,64.1,1
Tata,Indigo,2011,69.0,2
Tata,Indigo,2011,70.0,1
Tata,Indigo,2012,70.0,1
Tata,Indigo,2012,64.08,1
Tata,Indigo,2013,69.01,2
Tata,Indigo,2013,65.0,1
Tata,Indigo,2013,70.0,1
Tata,Indigo,2014,55.23,1
Tata,Indigo,2015,69.01,3
Tata,Indigo,2015,64.08,2
Tata,Indigo,2015,55.23,1
Tata,Indigo,2015,70.0,1
Tata,Indigo,2016,69.01,6
Tata,Indigo,2016,69.0,1
Tata,Indigo,2017,65.0,1
Tata,Manza,2010,90.0,6
Tata,Manza,2010,88.76,1
Tata,Manza,2010,88.8,1
Tata,Manza,2011,88.8,2
Tata,Manza,2012,88.8,3
Tata,Manza,2013,88.8,2
Tata,Manza,2013,88.76,1
Tata,Manza,2014,88.8,3
Tata,Nano,2010,35.0,1
Tata,Nano,2011,37.48,2
Tata,Nano,2011,35.0,1
Tata,Nano,2012,35.0,2
Tata,Nano,2012,37.5,1
Tata,Nano,2013,37.48,2
Tata,Nano,2013,35.0,1
Tata,Nano,2014,37.5,5
Tata,Nano,2014,37.48,2
Tata,Nano,2015,37.5,3
Tata,Nano,2015,37.48,1
Tata,Nano,2016,37.48,6
Tata,Nano,2017,37.48,4
Tata,New,2007,138.0,2
Tata,New,2008,138.0,1
Tata,New,2009,138.0,1
Tata,New,2011,138.1,2
Tata,New,2011,127.0,1
Tata,New,2012,138.0,1
Tata,New,2014,138.1,1
Tata,Nexon,2018,108.5,3
Tata,Safari,2011,138.03,1
Tata,Safari,2012,138.03,1
Tata,Safari,2014,138.1,3
Tata,Safari,2015,138.1,1
Tata,Safari,2016,148.0,1
Tata,Safari,2017,154.0,1
Tata,Safari,2017,138.1,1
Tata,Sumo,2000,83.1,1
Tata,Sumo,2013,83.1,1
Tata,Sumo,2014,83.8,1
Tata,Sumo,2015,68.0,1
Tata,Sumo,2015,83.8,1
Tata,Sumo,2016,83.1,1
Tata,Tiago,2016,84.0,4
Tata,Tiago,2016,69.0,1
Tata,Tiago,2017,84.0,5
Tata,Tiago,2017,69.0,1
Tata,Tiago,2018,84.0,2
Tata,Tiago,2018,83.83,1
Tata,Tiago,2019,84.0,2
Tata,Tiago,2019,83.83,1
Tata,Tigor,2017,84.0,2
Tata,Tigor,2017,69.0,1
Tata,Tigor,2018,84.0,2
Tata,Tigor,2018,69.0,1
Tata,Tigor,2019,69.0,1
Tata,Venture,2011,70.0,1
Tata,Xenon,2014,138.03,3
Tata,Xenon,2017,138.03,1
Tata,Zest,2014,88.7,3
Tata,Zest,2015,88.7,4
Tata,Zest,2016,74.0,1
Tata,Zest,2016,88.7,1
Tata,Zest,2016,88.8,1
Tata,Zest,2017,88.7,7
Tata,Zest,2017,74.0,4
Tata,Zest,2018,74.0,2
Tata,Zest,2018,88.7,1
Toyota,Camry,2008,164.7,1
Toyota,Camry,2009,164.7,2
Toyota,Camry,2010,164.7,1
Toyota,Camry,2012,178.4,1
Toyota,Camry,2014,178.4,2
Toyota,Camry,2014,158.2,1
Toyota,Camry,2015,158.2,2
Toyota,Camry,2016,158.2,1
Toyota,Camry,2016,175.67,1
Toyota,Camry,2017,175.67,1
Toyota,Camry,2018,157.7,1
Toyota,Camry,2018,158.2,1
Toyota,Corolla,2003,125.0,2
Toyota,Corolla,2004,125.0,2
Toyota,Corolla,2005,125.0,3
Toyota,Corolla,2006,125.0,2
Toyota,Corolla,2007,125.0,4
Toyota,Corolla,2008,138.1,6
Toyota,Corolla,2008,125.0,3
Toyota,Corolla,2009,138.1,4
Toyota,Corolla,2009,138.0,1
Toyota,Corolla,2009,138.03,1
Toyota,Corolla,2010,138.1,3
Toyota,Corolla,2010,138.03,2
Toyota,Corolla,2010,87.2,2
Toyota,Corolla,2010,138.0,1
Toyota,Corolla,2010,132.0,1
Toyota,Corolla,2011,138.1,2
Toyota,Corolla,2011,138.0,2
Toyota,Corolla,2011,87.2,2
Toyota,Corolla,2012,138.1,3
Toyota,Corolla,2012,138.03,2
Toyota,Corolla,2012,86.79,2
Toyota,Corolla,2013,138.1,3
Toyota,Corolla,2013,87.2,2
Toyota,Corolla,2013,86.79,1
Toyota,Corolla,2014,138.03,3
Toyota,Corolla,2014,87.2,3
Toyota,Corolla,2014,138.0,1
Toyota,Corolla,2015,138.03,5
Toyota,Corolla,2015,138.1,1
Toyota,Corolla,2015,138.0,1
Toyota,Corolla,2015,87.2,1
Toyota,Corolla,2016,138.03,4
Toyota,Corolla,2016,87.2,1
Toyota,Corolla,2016,138.1,1
Toyota,Corolla,2017,87.2,1
Toyota,Corolla,2017,138.03,1
Toyota,Corolla,2018,138.03,3
Toyota,Corolla,2019,138.03,1
Toyota,Etios,2011,88.73,5
Toyota,Etios,2011,78.9,2
Toyota,Etios,2011,67.05000000000001,2
Toyota,Etios,2011,88.7,1
Toyota,Etios,2011,67.05,1
Toyota,Etios,2012,67.05,5
Toyota,Etios,2012,78.9,5
Toyota,Etios,2012,67.05000000000001,4
Toyota,Etios,2012,88.73,3
Toyota,Etios,2012,88.7,2
Toyota,Etios,2012,67.1,1
Toyota,Etios,2012,75.432,1
Toyota,Etios,2013,88.73,5
Toyota,Etios,2013,67.05,3
Toyota,Etios,2013,67.04,3
Toyota,Etios,2013,67.05000000000001,2
Toyota,Etios,2013,88.8,1
Toyota,Etios,2013,78.9,1
Toyota,Etios,2013,67.06,1
Toyota,Etios,2014,67.06,4
Toyota,Etios,2014,78.9,2
Toyota,Etios,2014,67.04,2
Toyota,Etios,2014,67.1,1
Toyota,Etios,2014,67.05,1
Toyota,Etios,2014,88.73,1
Toyota,Etios,2015,78.9,3
Toyota,Etios,2015,67.06,2
Toyota,Etios,2015,88.73,2
Toyota,Etios,2015,67.04,1
Toyota,Etios,2015,78.8,1
Toyota,Etios,2015,67.05,1
Toyota,Etios,2016,67.04,3
Toyota,Etios,2016,88.73,1
Toyota,Etios,2016,67.06,1
Toyota,Etios,2017,88.73,2
Toyota,Etios,2017,67.04,1
Toyota,Etios,2018,67.04,2
Toyota,Etios,2019,78.9,1
Toyota,Fortuner,2009,171.0,4
Toyota,Fortuner,2010,171.0,9
Toyota,Fortuner,2010,174.5,2
Toyota,Fortuner,2011,171.0,12
Toyota,Fortuner,2011,168.5,2
Toyota,Fortuner,2011,174.5,1
Toyota,Fortuner,2012,168.5,8
Toyota,Fortuner,2012,169.0,6
Toyota,Fortuner,2012,171.0,2
Toyota,Fortuner,2012,174.5,1
Toyota,Fortuner,2013,168.5,10
Toyota,Fortuner,2013,171.0,2
Toyota,Fortuner,2013,174.5,1
Toyota,Fortuner,2013,169.0,1
Toyota,Fortuner,2014,168.5,12
Toyota,Fortuner,2014,171.0,4
Toyota,Fortuner,2014,174.5,1
Toyota,Fortuner,2014,169.0,1
Toyota,Fortuner,2015,168.5,14
Toyota,Fortuner,2015,168.7,3
Toyota,Fortuner,2015,169.0,2
Toyota,Fortuner,2015,174.5,2
Toyota,Fortuner,2016,168.5,2
Toyota,Fortuner,2016,168.7,1
Toyota,Fortuner,2016,174.5,1
Toyota,Fortuner,2016,171.0,1
Toyota,Fortuner,2017,174.5,4
Toyota,Fortuner,2017,168.5,3
Toyota,Fortuner,2018,168.5,2
Toyota,Fortuner,2019,174.5,3
Toyota,Fortuner,2019,171.0,1
Toyota,Innova,2005,102.0,4
Toyota,Innova,2006,102.0,3
Toyota,Innova,2006,132.0,2
Toyota,Innova,2006,100.6,1
Toyota,Innova,2007,102.0,6
Toyota,Innova,2007,100.6,1
Toyota,Innova,2008,102.0,5
Toyota,Innova,2008,100.0,1
Toyota,Innova,2009,102.0,5
Toyota,Innova,2009,100.6,1
Toyota,Innova,2010,102.0,7
Toyota,Innova,2010,100.6,2
Toyota,Innova,2011,102.0,16
Toyota,Innova,2011,100.6,2
Toyota,Innova,2011,132.0,1
Toyota,Innova,2011,100.0,1
Toyota,Innova,2012,100.0,11
Toyota,Innova,2012,102.0,5
Toyota,Innova,2012,163.7,1
Toyota,Innova,2013,100.0,7
Toyota,Innova,2013,100.6,6
Toyota,Innova,2013,102.0,4
Toyota,Innova,2013,132.0,1
Toyota,Innova,2014,100.6,12
Toyota,Innova,2014,102.0,4
Toyota,Innova,2014,100.0,3
Toyota,Innova,2014,132.0,1
Toyota,Innova,2015,100.6,18
Toyota,Innova,2015,102.0,5
Toyota,Innova,2015,100.0,2
Toyota,Innova,2016,171.5,11
Toyota,Innova,2016,147.8,5
Toyota,Innova,2016,100.6,5
Toyota,Innova,2016,102.0,2
Toyota,Innova,2016,100.0,2
Toyota,Innova,2017,147.8,15
Toyota,Innova,2017,171.5,8
Toyota,Innova,2017,100.6,2
Toyota,Innova,2017,102.0,2
Toyota,Innova,2018,171.5,3
Toyota,Innova,2018,147.8,3
Toyota,Innova,2019,171.5,4
Toyota,Innova,2019,147.8,3
Toyota,Land,2014,170.3,1
Toyota,Platinum,2015,67.05,1
Toyota,Prius,2011,73.0,1
Toyota,Qualis,2001,75.0,1
Toyota,Qualis,2002,75.0,2
Toyota,Qualis,2004,75.0,2
Volkswagen,Ameo,2016,73.75,3
Volkswagen,Ameo,2016,108.62,2
Volkswagen,Ameo,2016,74.0,1
Volkswagen,Ameo,2017,73.75,5
Volkswagen,Ameo,2017,108.62,2
Volkswagen,Ameo,2017,108.495,2
Volkswagen,Ameo,2018,73.75,3
Volkswagen,Ameo,2018,108.62,2
Volkswagen,Ameo,2018,108.495,1
Volkswagen,Ameo,2018,74.0,1
Volkswagen,Beetle,2009,114.4,1
Volkswagen,CrossPolo,2013,74.0,1
Volkswagen,CrossPolo,2014,88.5,1
Volkswagen,CrossPolo,2015,88.73,1
Volkswagen,CrossPolo,2015,88.5,1
Volkswagen,CrossPolo,2016,88.73,1
Volkswagen,Jetta,2008,105.0,1
Volkswagen,Jetta,2009,105.0,4
Volkswagen,Jetta,2010,102.0,2
Volkswagen,Jetta,2011,138.1,1
Volkswagen,Jetta,2012,138.1,4
Volkswagen,Jetta,2012,105.0,2
Volkswagen,Jetta,2013,138.03,4
Volkswagen,Jetta,2013,105.0,2
Volkswagen,Jetta,2014,138.03,2
Volkswagen,Jetta,2014,105.0,1
Volkswagen,Jetta,2015,138.03,3
Volkswagen,Jetta,2016,138.03,1
Volkswagen,Jetta,2018,120.33,1
Volkswagen,Passat,2007,140.0,1
Volkswagen,Passat,2010,167.7,1
Volkswagen,Passat,2010,160.0,1
Volkswagen,Passat,2011,167.7,3
Volkswagen,Passat,2011,160.0,1
Volkswagen,Passat,2012,167.7,2
Volkswagen,Passat,2012,140.0,1
Volkswagen,Polo,2010,73.9,7
Volkswagen,Polo,2010,103.5,1
Volkswagen,Polo,2011,73.9,19
Volkswagen,Polo,2011,74.0,2
Volkswagen,Polo,2011,103.5,2
Volkswagen,Polo,2011,103.6,1
Volkswagen,Polo,2012,73.9,21
Volkswagen,Polo,2012,88.0,1
Volkswagen,Polo,2013,73.9,26
Volkswagen,Polo,2013,74.0,2
Volkswagen,Polo,2013,103.6,2
Volkswagen,Polo,2013,88.0,1
Volkswagen,Polo,2013,103.5,1
Volkswagen,Polo,2014,74.0,10
Volkswagen,Polo,2014,88.8,6
Volkswagen,Polo,2014,103.6,4
Volkswagen,Polo,2014,73.9,4
Volkswagen,Polo,2014,88.0,1
Volkswagen,Polo,2014,189.0,1
Volkswagen,Polo,2015,74.0,11
Volkswagen,Polo,2015,88.8,9
Volkswagen,Polo,2015,73.9,5
Volkswagen,Polo,2015,103.6,3
Volkswagen,Polo,2015,103.5,1
Volkswagen,Polo,2015,189.0,1
Volkswagen,Polo,2015,88.0,1
Volkswagen,Polo,2016,74.0,9
Volkswagen,Polo,2016,73.9,3
Volkswagen,Polo,2016,88.0,2
Volkswagen,Polo,2016,88.8,2
Volkswagen,Polo,2016,103.5,1
Volkswagen,Polo,2016,75.0,1
Volkswagen,Polo,2017,74.0,6
Volkswagen,Polo,2017,103.5,3
Volkswagen,Polo,2017,73.9,1
Volkswagen,Polo,2017,88.0,1
Volkswagen,Polo,2018,74.0,2
Volkswagen,Polo,2018,73.9,1
Volkswagen,Polo,2018,88.8,1
Volkswagen,Polo,2018,88.0,1
Volkswagen,Polo,2019,75.0,1
Volkswagen,Tiguan,2017,141.0,1
Volkswagen,Vento,2010,103.6,2
Volkswagen,Vento,2011,103.6,27
Volkswagen,Vento,2011,103.5,2
Volkswagen,Vento,2011,108.5,2
Volkswagen,Vento,2011,105.0,1
Volkswagen,Vento,2012,103.6,16
Volkswagen,Vento,2012,108.5,2
Volkswagen,Vento,2012,103.5,1
Volkswagen,Vento,2013,103.6,18
Volkswagen,Vento,2013,105.0,3
Volkswagen,Vento,2013,103.2,3
Volkswagen,Vento,2013,108.5,1
Volkswagen,Vento,2014,103.2,9
Volkswagen,Vento,2014,103.6,5
Volkswagen,Vento,2014,103.5,4
Volkswagen,Vento,2014,108.49,1
Volkswagen,Vento,2014,108.5,1
Volkswagen,Vento,2015,103.2,10
Volkswagen,Vento,2015,103.6,2
Volkswagen,Vento,2015,108.5,1
Volkswagen,Vento,2016,108.5,6
Volkswagen,Vento,2016,103.2,6
Volkswagen,Vento,2016,103.5,1
Volkswagen,Vento,2017,108.5,3
Volkswagen,Vento,2017,103.5,1
Volkswagen,Vento,2018,103.5,1
Volvo,S60,2011,215.0,1
Volvo,S60,2012,163.0,1
Volvo,S60,2013,215.0,1
Volvo,S60,2014,190.0,1
Volvo,S60,2014,181.0,1
Volvo,S60,2015,190.0,1
Volvo,S60,2015,181.0,1
Volvo,S60,2016,181.0,2
Volvo,S80,2008,215.0,1
Volvo,S80,2010,215.0,1
Volvo,S80,2011,215.0,1
Volvo,V40,2013,150.0,1
Volvo,V40,2014,150.0,1
Volvo,V40,2015,150.0,3
Volvo,XC60,2011,215.0,2
Volvo,XC60,2012,163.0,1
Volvo,XC60,2013,181.0,1
Volvo,XC60,2014,181.0,1
Volvo,XC60,2014,215.0,1
Volvo,XC60,2015,215.0,1
Volvo,XC90,2014,200.0,3
Volvo,XC90,2016,200.0,1
